[
  {
    "Id": "703143",
    "ThreadId": "280772",
    "Html": "\r\n<p>I want to be able to do a simple left outer join (or just join) and then group (sum) some columns.</p>\r\n<p>I couldn't figure out how is that possible with Obtics.</p>\r\n<p>Thanks.</p>\r\n<div id=\"-chrome-auto-translate-plugin-dialog\" style=\"background-color:transparent!important; top:0px; left:0px; overflow-x:visible!important; overflow-y:visible!important; z-index:999999!important; text-align:left!important; padding:0px!important; margin:0px!important\">\r\n<div style=\"max-width:300px!important; color:#fafafa!important; border-color:#000000!important; border-width:0px!important; background-color:#363636!important; font-size:16px!important; padding:8px!important; overflow:visible!important; z-index:999999!important; text-align:left!important\">\r\n</div>\r\n<img src=\"http://www.google.com/uds/css/small-logo.png\" alt=\"\" style=\"z-index:-1!important; right:1px!important; top:-20px!important; padding-top:3px!important; padding-right:5px!important; padding-bottom:0px!important; padding-left:5px!important; margin:0px!important\"></div>\r\n",
    "PostedDate": "2011-11-24T13:33:13.277-08:00",
    "UserRole": null,
    "MarkedAsAnswerDate": null
  },
  {
    "Id": "703608",
    "ThreadId": "280772",
    "Html": "<p>How would you do it using object linq?</p>\r\n<p>if &lt;exp&gt; is your linq expression giving your result you would just do:</p>\r\n<p>ExpressionObserver.Execute(&lt;exp&gt;)</p>\r\n<p>In case your &lt;exp&gt; is supposed to return a collection of values do:</p>\r\n<p>ExpressionObserver.Execute(&lt;exp&gt;).Cascade()</p>\r\n<p>Regs,</p>\r\n<p>Thomas</p>",
    "PostedDate": "2011-11-26T03:59:13.177-08:00",
    "UserRole": null,
    "MarkedAsAnswerDate": null
  },
  {
    "Id": "706393",
    "ThreadId": "280772",
    "Html": "<p>I can't get this query to work.</p>\r\n<p><span style=\"font-family: Consolas, 'Courier New', Courier, monospace; white-space: pre;\">&nbsp;&nbsp;&nbsp;&nbsp;&nbsp;&nbsp;&nbsp;&nbsp;&nbsp;&nbsp;&nbsp;&nbsp;_query&nbsp;=&nbsp;</span><span style=\"font-family: Consolas, 'Courier New', Courier, monospace; white-space: pre;\">ExpressionObserver</span><span style=\"font-family: Consolas, 'Courier New', Courier, monospace; white-space: pre;\">.Execute(()&nbsp;=&gt;</span></p>\r\n<pre>&nbsp;&nbsp;&nbsp;&nbsp;&nbsp;&nbsp;&nbsp;&nbsp;&nbsp;&nbsp;&nbsp;&nbsp;&nbsp;&nbsp;&nbsp;&nbsp;&nbsp;&nbsp;&nbsp;&nbsp;&nbsp;&nbsp;&nbsp;&nbsp;&nbsp;&nbsp;&nbsp;&nbsp;&nbsp;&nbsp;&nbsp;&nbsp;&nbsp;&nbsp;&nbsp;&nbsp;&nbsp;&nbsp;&nbsp;&nbsp;&nbsp;&nbsp;&nbsp;&nbsp;&nbsp;&nbsp;&nbsp;&nbsp;(<span>from</span>&nbsp;q&nbsp;<span>in</span>&nbsp;_quotes\r\n&nbsp;&nbsp;&nbsp;&nbsp;&nbsp;&nbsp;&nbsp;&nbsp;&nbsp;&nbsp;&nbsp;&nbsp;&nbsp;&nbsp;&nbsp;&nbsp;&nbsp;&nbsp;&nbsp;&nbsp;&nbsp;&nbsp;&nbsp;&nbsp;&nbsp;&nbsp;&nbsp;&nbsp;&nbsp;&nbsp;&nbsp;&nbsp;&nbsp;&nbsp;&nbsp;&nbsp;&nbsp;&nbsp;&nbsp;&nbsp;&nbsp;&nbsp;&nbsp;&nbsp;&nbsp;&nbsp;&nbsp;&nbsp;<span>where</span>&nbsp;q.Exchange&nbsp;==&nbsp;<span>\"#FX\"</span>&nbsp;&amp;&amp;&nbsp;q.Provider&nbsp;==&nbsp;<span>ProviderEnum</span>.Bloomberg</pre>\r\n<pre>\r\n&nbsp;&nbsp;&nbsp;&nbsp;&nbsp;&nbsp;&nbsp;&nbsp;&nbsp;&nbsp;&nbsp;&nbsp;&nbsp;&nbsp;&nbsp;&nbsp;&nbsp;&nbsp;&nbsp;&nbsp;&nbsp;&nbsp;&nbsp;&nbsp;&nbsp;&nbsp;&nbsp;&nbsp;&nbsp;&nbsp;&nbsp;&nbsp;&nbsp;&nbsp;&nbsp;&nbsp;&nbsp;&nbsp;&nbsp;&nbsp;&nbsp;&nbsp;&nbsp;&nbsp;&nbsp;&nbsp;&nbsp;&nbsp;<span>//join&nbsp;qt&nbsp;in&nbsp;_currencies&nbsp;on&nbsp;q.Isin&nbsp;equals&nbsp;qt.Isin&nbsp;into&nbsp;joinObj1&nbsp;from&nbsp;joinObj2&nbsp;in&nbsp;joinObj1.DefaultIfEmpty(new&nbsp;QuoteTickViewModel())</span>\r\n&nbsp;&nbsp;&nbsp;&nbsp;&nbsp;&nbsp;&nbsp;&nbsp;&nbsp;&nbsp;&nbsp;&nbsp;&nbsp;&nbsp;&nbsp;&nbsp;&nbsp;&nbsp;&nbsp;&nbsp;&nbsp;&nbsp;&nbsp;&nbsp;&nbsp;&nbsp;&nbsp;&nbsp;&nbsp;&nbsp;&nbsp;&nbsp;&nbsp;&nbsp;&nbsp;&nbsp;&nbsp;&nbsp;&nbsp;&nbsp;&nbsp;&nbsp;&nbsp;&nbsp;&nbsp;&nbsp;&nbsp;&nbsp;<span>//where&nbsp;joinObj2.Provider&nbsp;==&nbsp;ProviderEnum.Tradebase</span></pre>\r\n<pre>\r\n&nbsp;&nbsp;&nbsp;&nbsp;&nbsp;&nbsp;&nbsp;&nbsp;&nbsp;&nbsp;&nbsp;&nbsp;&nbsp;&nbsp;&nbsp;&nbsp;&nbsp;&nbsp;&nbsp;&nbsp;&nbsp;&nbsp;&nbsp;&nbsp;&nbsp;&nbsp;&nbsp;&nbsp;&nbsp;&nbsp;&nbsp;&nbsp;&nbsp;&nbsp;&nbsp;&nbsp;&nbsp;&nbsp;&nbsp;&nbsp;&nbsp;&nbsp;&nbsp;&nbsp;&nbsp;&nbsp;&nbsp;&nbsp;&nbsp;<span>select</span>&nbsp;q).Join(_currencies.Where(es&nbsp;=&gt;&nbsp;es.Provider&nbsp;==&nbsp;<span>ProviderEnum</span>.Tradebase)\r\n&nbsp;&nbsp;&nbsp;&nbsp;&nbsp;&nbsp;&nbsp;&nbsp;&nbsp;&nbsp;&nbsp;&nbsp;&nbsp;&nbsp;&nbsp;&nbsp;&nbsp;&nbsp;&nbsp;&nbsp;&nbsp;&nbsp;&nbsp;&nbsp;&nbsp;&nbsp;&nbsp;&nbsp;&nbsp;&nbsp;&nbsp;&nbsp;&nbsp;&nbsp;&nbsp;&nbsp;&nbsp;&nbsp;&nbsp;&nbsp;&nbsp;&nbsp;&nbsp;&nbsp;&nbsp;&nbsp;&nbsp;&nbsp;,&nbsp;i&nbsp;=&gt;&nbsp;i.Isin,&nbsp;x&nbsp;=&gt;&nbsp;x.Isin,&nbsp;(h,&nbsp;p)&nbsp;=&gt;&nbsp;<span>new</span>&nbsp;{&nbsp;blbisin&nbsp;=&nbsp;h.Isin,&nbsp;blbprice&nbsp;=&nbsp;h.Last,&nbsp;blbprovider&nbsp;=&nbsp;h.Provider,&nbsp;tbmxisin&nbsp;=&nbsp;p.Isin,&nbsp;tbmxprice&nbsp;=&nbsp;p.Last,&nbsp;tbmxprovider&nbsp;=&nbsp;p.Provider&nbsp;})\r\n \r\n&nbsp;&nbsp;&nbsp;&nbsp;&nbsp;&nbsp;&nbsp;&nbsp;&nbsp;&nbsp;&nbsp;&nbsp;&nbsp;&nbsp;&nbsp;&nbsp;&nbsp;&nbsp;&nbsp;&nbsp;&nbsp;&nbsp;&nbsp;&nbsp;&nbsp;&nbsp;&nbsp;&nbsp;&nbsp;&nbsp;&nbsp;&nbsp;&nbsp;&nbsp;&nbsp;&nbsp;&nbsp;&nbsp;&nbsp;&nbsp;&nbsp;&nbsp;&nbsp;&nbsp;&nbsp;&nbsp;&nbsp;&nbsp;).Cascade();</pre>\r\n<p>First I've tried with normal LINQ expression to join and then I've wrote it as chained query. I can see the values in the grid but they are not updating.</p>\r\n<p>Thanks.<span style=\"white-space: pre;\"> </span></p>",
    "PostedDate": "2011-12-02T04:07:07.55-08:00",
    "UserRole": null,
    "MarkedAsAnswerDate": null
  },
  {
    "Id": "707495",
    "ThreadId": "280772",
    "Html": "<p>I think the problem is&nbsp;Anonymous types.. Is it possible?<span style=\"white-space: pre;\"> </span><em></em></p>",
    "PostedDate": "2011-12-05T05:36:23.023-08:00",
    "UserRole": null,
    "MarkedAsAnswerDate": null
  },
  {
    "Id": "708008",
    "ThreadId": "280772",
    "Html": "<p>Sorry it was my Linq Expression. It should have been like this.</p>\n<div style=\"color: black; background-color: white;\">\n<pre>           <span style=\"color: blue;\">var</span> query = ExpressionObserver.Execute(() =&gt;\n                                                  <span style=\"color: blue;\">from</span> q <span style=\"color: blue;\">in</span> _quotes.Where(p =&gt; p.Provider == ProviderEnum.Bloomberg)\n                                                  <span style=\"color: blue;\">from</span> qp <span style=\"color: blue;\">in</span>\n                                                      _currencies.Where(\n                                                          j =&gt; j.Isin == q.Isin &amp;&amp; j.Exchange == q.Exchange &amp;&amp; j.Provider == ProviderEnum.Tradebase)\n                                                      .DefaultIfEmpty(<span style=\"color: blue;\">new</span> QuoteTickViewModel())\n                                                  <span style=\"color: blue;\">select</span>\n                                                      <span style=\"color: blue;\">new</span>\n                                                          {\n                                                              IsinB = q.Isin,\n                                                              IsinT = qp.Isin,\n                                                              ExchangeB = q.Exchange,\n                                                              ExchangeT = qp.Exchange,\n                                                              PriceB = q.Last,\n                                                              PriceT = qp.Last,\n                                                              ProviderB = q.Provider,\n                                                              ProviderT = qp.Provider\n                                                          }\n               ).Cascade();</pre>\n<pre><br /></pre>\n<pre>If I try it with a normal LINQ/SQL-Like syntax (join into) then it does not function.</pre>\n<pre>This syntax is obviously not compatible with Obtics;<br /></pre>\n<pre><br /></pre>\n<pre><div style=\"color: black; background-color: white;\"><pre>           <span style=\"color: blue;\">var</span> query = ExpressionObserver.Execute(() =&gt;\n                                                  <span style=\"color: blue;\">from</span> q <span style=\"color: blue;\">in</span> _quotes.Where(f =&gt; f.Provider == ProviderEnum.Bloomberg)\n                                                  <span style=\"color: blue;\">join</span> qp2 <span style=\"color: blue;\">in</span> _currencies.Where(x =&gt; x.Provider == ProviderEnum.Tradebase) <span style=\"color: blue;\">on</span> <span style=\"color: blue;\">new</span> {q.Isin, q.Exchange} <span style=\"color: blue;\">equals</span> <span style=\"color: blue;\">new</span> {qp2.Isin, qp2.Exchange } <span style=\"color: blue;\">into</span> temp\n                                                  <span style=\"color: blue;\">from</span> qp <span style=\"color: blue;\">in</span> temp.DefaultIfEmpty(<span style=\"color: blue;\">new</span> QuoteTickViewModel())\n                                                  <span style=\"color: blue;\">select</span> <span style=\"color: blue;\">new</span>\n                                                             {\n                                                                 IsinB = q.Isin,\n                                                                 IsinT = qp.Isin,\n                                                                 ExchangeB = q.Exchange,\n                                                                 ExchangeT = qp.Exchange,\n                                                                 PriceB = q.Last,\n                                                                 PriceT = qp.Last,\n                                                                 ProviderB = q.Provider,\n                                                                 ProviderT = qp.Provider\n                                                             }).Cascade();\n</pre>\n</div>\n<br /></pre>\n</div>\n<p>&nbsp;</p>\n<div id=\"-chrome-auto-translate-plugin-dialog\" style=\"background-color: transparent!important; top: 0px; left: 0px; overflow-x: visible!important; overflow-y: visible!important; z-index: 999999!important; text-align: left!important; padding: 0px!important; margin: 0px!important;\">\n<div style=\"max-width: 300px!important; color: #fafafa!important; border-color: #000000!important; border-width: 0px!important; background-color: #363636!important; font-size: 16px!important; padding: 8px!important; overflow: visible!important; z-index: 999999!important; text-align: left!important;\"></div>\n<img style=\"z-index: -1!important; right: 1px!important; top: -20px!important; padding-top: 3px!important; padding-right: 5px!important; padding-bottom: 0px!important; padding-left: 5px!important; margin: 0px!important;\" src=\"http://www.google.com/uds/css/small-logo.png\" alt=\"\" /></div>",
    "PostedDate": "2011-12-06T02:13:06.373-08:00",
    "UserRole": null,
    "MarkedAsAnswerDate": null
  },
  {
    "Id": "708308",
    "ThreadId": "280772",
    "Html": "<p>Good that you found a solution. 'join into' syntax should work though but there may always be a bug.</p>\r\n<p>Could you create a unit test that isolates your problem?</p>\r\n<p>Regs,</p>\r\n<p>Thomas.</p>",
    "PostedDate": "2011-12-06T10:57:12.69-08:00",
    "UserRole": null,
    "MarkedAsAnswerDate": null
  },
  {
    "Id": "712157",
    "ThreadId": "280772",
    "Html": "<p>I'm sorry for the late answer.</p>\r\n<p>My Project is not entirely unit-testable. But I can say that it's just an observablecollection for items with inotifypropertchanged interface.</p>\r\n<p>There are some nullable properties in items, I wanted to check them but right now I don't have time for that, I needed quick solutions and workarounds :)</p>\r\n<p>&nbsp;</p>\r\n<div id=\"-chrome-auto-translate-plugin-dialog\" style=\"display: none; opacity: 1 !important; background-image: initial !important; background-attachment: initial !important; background-origin: initial !important; background-clip: initial !important; background-color: transparent !important; top: 0px; left: 0px; overflow-x: visible !important; overflow-y: visible !important; z-index: 999999 !important; text-align: left !important; background-position: initial initial !important; background-repeat: initial initial !important; padding: 0px !important; margin: 0px !important;\">\r\n<div style=\"max-width: 300px !important; color: #fafafa !important; opacity: 0.8 !important; border-color: #000000 !important; border-width: 0px !important; background-color: #363636 !important; font-size: 16px !important; padding: 8px !important; overflow: visible !important; background-image: -webkit-gradient(linear, left top, right bottom, color-stop(0%, #000), color-stop(50%, #363636), color-stop(100%, #000)); z-index: 999999 !important; text-align: left  !important;\"></div>\r\n<img style=\"z-index: -1 !important; right: 1px !important; top: -20px !important; cursor: pointer !important; border-top-left-radius: 20px 20px; border-top-right-radius: 20px 20px; border-bottom-right-radius: 20px 20px; border-bottom-left-radius: 20px 20px; background-color: rgba(200, 200, 200, 0.296875) !important; padding-top: 3px !important; padding-right: 5px !important; padding-bottom: 0px !important; padding-left: 5px !important; margin: 0px !important;\" onclick=\"document.location.href='http://translate.google.com/';\" src=\"http://www.google.com/uds/css/small-logo.png\" alt=\"\" /></div>",
    "PostedDate": "2011-12-14T07:44:04.043-08:00",
    "UserRole": null,
    "MarkedAsAnswerDate": null
  }
]