[
  {
    "Id": "994964",
    "ThreadId": "431610",
    "Html": "This project looks great -- I wish I found it sooner.  In fact, I already implemented an alternative which I blogged about today: <a href=\"http://happynomad121.blogspot.com/2013/01/data-binding-among-complex-expressions.html\" rel=\"nofollow\">http://happynomad121.blogspot.com/2013/01/data-binding-among-complex-expressions.html</a> .  I hope to get some feedback on my approach.<br />\n",
    "PostedDate": "2013-01-31T16:29:36.657-08:00",
    "UserRole": null,
    "MarkedAsAnswerDate": null
  }
]