[
  {
    "Id": "26145",
    "Title": "Examples",
    "LatestDate": "2009-03-30T07:34:06-07:00"
  },
  {
    "Id": "51604",
    "Title": "Yet another Continuous/Bindable/Live LINQ?",
    "LatestDate": "2009-04-03T08:00:45.5-07:00"
  },
  {
    "Id": "63561",
    "Title": "Certain query does not produce notifications",
    "LatestDate": "2009-08-05T08:53:31.553-07:00"
  },
  {
    "Id": "65753",
    "Title": "Use with Silverlight project",
    "LatestDate": "2009-09-13T05:42:05.89-07:00"
  },
  {
    "Id": "68408",
    "Title": "Tracking Expressions",
    "LatestDate": "2009-09-10T10:49:33.237-07:00"
  },
  {
    "Id": "68881",
    "Title": "Notifications for simple queries are not fired",
    "LatestDate": "2009-09-15T05:50:28.01-07:00"
  },
  {
    "Id": "69398",
    "Title": "Binding RelativeSource",
    "LatestDate": "2009-09-21T19:00:15.197-07:00"
  },
  {
    "Id": "75961",
    "Title": "Support for .NET 4.0 Expression Trees",
    "LatestDate": "2010-01-09T05:02:26.107-08:00"
  },
  {
    "Id": "76378",
    "Title": "Observing Methods",
    "LatestDate": "2009-11-30T01:48:16.237-08:00"
  },
  {
    "Id": "76792",
    "Title": "Proxy Objects",
    "LatestDate": "2009-12-03T11:18:42.417-08:00"
  },
  {
    "Id": "76794",
    "Title": "Custom Mappings",
    "LatestDate": "2009-12-02T10:59:46.227-08:00"
  },
  {
    "Id": "76796",
    "Title": "Simplified Expressions",
    "LatestDate": "2009-12-02T11:55:02.23-08:00"
  },
  {
    "Id": "76798",
    "Title": "Finding Observability Failures",
    "LatestDate": "2010-08-26T09:39:16.173-07:00"
  },
  {
    "Id": "76913",
    "Title": "Debugging Tips?",
    "LatestDate": "2009-12-03T12:34:20.087-08:00"
  },
  {
    "Id": "77344",
    "Title": "Stopping Observation",
    "LatestDate": "2009-12-09T13:14:40.757-08:00"
  },
  {
    "Id": "77442",
    "Title": "Way to Simplify?",
    "LatestDate": "2009-12-09T02:01:42.873-08:00"
  },
  {
    "Id": "77575",
    "Title": "Possible issues relating to Carrousel",
    "LatestDate": "2009-12-09T23:10:08.31-08:00"
  },
  {
    "Id": "77637",
    "Title": "Binding using ExpressionObserver.Execute",
    "LatestDate": "2009-12-12T05:45:55.43-08:00"
  },
  {
    "Id": "79419",
    "Title": "Is it possible to observe a lambda statement block?",
    "LatestDate": "2010-01-01T00:38:55.8-08:00"
  },
  {
    "Id": "79564",
    "Title": "Unrelated Exception?",
    "LatestDate": "2010-01-03T20:37:10.27-08:00"
  },
  {
    "Id": "79722",
    "Title": "Regression somewhere between release & trunk",
    "LatestDate": "2010-01-09T02:30:31.57-08:00"
  },
  {
    "Id": "80335",
    "Title": "Table_Clearing and Observation Pausing",
    "LatestDate": "2010-01-11T14:51:26.117-08:00"
  },
  {
    "Id": "80751",
    "Title": "Single Object \"Select\" Method",
    "LatestDate": "2010-01-15T00:12:59.397-08:00"
  },
  {
    "Id": "83214",
    "Title": "CollectionChanged Behaviour",
    "LatestDate": "2010-02-10T02:45:47.647-08:00"
  },
  {
    "Id": "83781",
    "Title": "Performance In Practice",
    "LatestDate": "2010-02-10T08:34:31.13-08:00"
  },
  {
    "Id": "203440",
    "Title": "CollectionCap ICollection.SyncRoot",
    "LatestDate": "2010-04-20T10:59:52.373-07:00"
  },
  {
    "Id": "205004",
    "Title": "Binding to HierarchicalDataTemplate",
    "LatestDate": "2010-03-16T05:34:20.92-07:00"
  },
  {
    "Id": "209453",
    "Title": "Binding HierarchicalDataTemplate to ExpressionObserver.Execute",
    "LatestDate": "2010-04-25T11:18:36.207-07:00"
  },
  {
    "Id": "210319",
    "Title": "Evaluate Sum Totals",
    "LatestDate": "2010-04-23T07:52:44.923-07:00"
  },
  {
    "Id": "211794",
    "Title": "R2.0",
    "LatestDate": "2010-05-13T06:09:21.963-07:00"
  },
  {
    "Id": "215404",
    "Title": "Not implemented?",
    "LatestDate": "2010-07-22T23:28:56.657-07:00"
  },
  {
    "Id": "215764",
    "Title": "Silverlight 4",
    "LatestDate": "2010-08-03T14:56:07.517-07:00"
  },
  {
    "Id": "219478",
    "Title": "Is this project still active?",
    "LatestDate": "2010-07-22T23:39:52.473-07:00"
  },
  {
    "Id": "220224",
    "Title": "Wrapping objects using Obtics",
    "LatestDate": "2010-07-23T05:17:44.067-07:00"
  },
  {
    "Id": "228697",
    "Title": "ExpressionObserver and Where",
    "LatestDate": "2010-09-30T01:53:14.69-07:00"
  },
  {
    "Id": "232017",
    "Title": "Thanks",
    "LatestDate": "2010-10-26T05:26:43.363-07:00"
  },
  {
    "Id": "232222",
    "Title": "Support for System.Interactive",
    "LatestDate": "2011-01-08T11:52:03.6-08:00"
  },
  {
    "Id": "232331",
    "Title": "IValueProvider & ViewModel",
    "LatestDate": "2010-11-08T19:22:47.483-08:00"
  },
  {
    "Id": "234454",
    "Title": "ObservableEnumerable.Cache.cs",
    "LatestDate": "2010-11-12T09:45:28.99-08:00"
  },
  {
    "Id": "234472",
    "Title": "Exceptions",
    "LatestDate": "2010-11-14T05:22:06.587-08:00"
  },
  {
    "Id": "236924",
    "Title": "Optimization and IIf",
    "LatestDate": "2011-03-08T02:44:39.31-08:00"
  },
  {
    "Id": "243274",
    "Title": "PropertyDescriptor.AddValueChanged",
    "LatestDate": "2011-01-28T08:36:09.457-08:00"
  },
  {
    "Id": "244902",
    "Title": "Stability of trunk as of 55127",
    "LatestDate": "2011-02-08T15:44:55.663-08:00"
  },
  {
    "Id": "245381",
    "Title": "Scary Error",
    "LatestDate": "2011-02-11T02:42:33.66-08:00"
  },
  {
    "Id": "246179",
    "Title": "DVCS",
    "LatestDate": "2011-02-24T11:12:27.483-08:00"
  },
  {
    "Id": "246683",
    "Title": "Exception : Key Not Present in Dictionary",
    "LatestDate": "2011-02-18T14:31:39.76-08:00"
  },
  {
    "Id": "249080",
    "Title": "Nuget package?",
    "LatestDate": "2011-03-09T11:32:49.99-08:00"
  },
  {
    "Id": "250387",
    "Title": "Redundant Mapping Method?",
    "LatestDate": "2011-03-24T02:19:22.763-07:00"
  },
  {
    "Id": "250395",
    "Title": "Problem with Recursion",
    "LatestDate": "2011-03-24T03:40:57.99-07:00"
  },
  {
    "Id": "266094",
    "Title": "NullReferenceException",
    "LatestDate": "2011-08-08T07:47:04.547-07:00"
  },
  {
    "Id": "268104",
    "Title": "Silverlight 4: Binding to IEnumerable",
    "LatestDate": "2011-08-08T11:07:24.87-07:00"
  },
  {
    "Id": "269994",
    "Title": "Basic pattern for keeping a collection of view models in sync with the model",
    "LatestDate": "2011-09-15T16:23:32.51-07:00"
  },
  {
    "Id": "270194",
    "Title": "No Cascade() method?",
    "LatestDate": "2011-08-24T15:42:23.333-07:00"
  },
  {
    "Id": "271362",
    "Title": "Cached Value",
    "LatestDate": "2011-10-13T06:52:23.02-07:00"
  },
  {
    "Id": "274738",
    "Title": "Can Obtics create \"paged\" collection views?",
    "LatestDate": "2011-10-13T06:41:37.333-07:00"
  },
  {
    "Id": "279488",
    "Title": "Strange behavior",
    "LatestDate": "2011-12-08T15:58:50.01-08:00"
  },
  {
    "Id": "280772",
    "Title": "How do I join and aggregate two observable collections?",
    "LatestDate": "2011-12-14T07:44:04.043-08:00"
  },
  {
    "Id": "360575",
    "Title": "InvalidOperationException when removing items",
    "LatestDate": "2012-06-26T11:10:14.663-07:00"
  },
  {
    "Id": "362106",
    "Title": "Why is this collection keeps getting recreated everytime?",
    "LatestDate": "2012-07-10T07:32:30.157-07:00"
  },
  {
    "Id": "431610",
    "Title": "Alternative",
    "LatestDate": "2013-01-31T16:29:36.657-08:00"
  }
]