{
  "WorkItem": {
    "AffectedComponent": {
      "Name": "",
      "DisplayName": ""
    },
    "ClosedComment": "",
    "ClosedDate": null,
    "CommentCount": 0,
    "Custom": null,
    "Description": "I've come across a collection that was created with ExpressionObserver.Execute that will not update when it should.  I tried creating a unit test that mimics how the collection is created, but the collection created in my unit test works just fine.  So, I made a dump of the \"broken\" collection's properties to compare it to a dump of the working unit test's collection, and the only difference (at least in the members that I'm looking at) is that deep into the broken collection's graph, there is a CascadeTransformation`2 which does not seem to be updating.  Everything below that seems to update fine.  I've included a copy of the dump.  Sorry if it includes the wrong information or too much information.  If you paste this into an editor and then look at line #113, you'll see the first part of the graph that was updated properly (because it has 731 items in it).  Every line before line #113 was not updated property (because they have only 730 items).\n \nCan you tell me what might be wrong by looking at this information, or is there more information I can get to you to help?  Showing you actual code is tricky because I can't reproduce it in a simple unit test yet, though I'm trying.\n \n<code>\nRoot {CascadeTransformation`2}\n|\t<enumerated results> Count=730\n|\t|\t0=10/8/2009 12:00:00 AM to 10/9/2009 12:00:00 AM\n|\t|\t...\n|\t|\t729=10/7/2011 12:00:00 AM to 10/8/2011 12:00:00 AM\n|\t_Source {AsCollectionNullableTransformation`1}\n|\t|\t<enumerated results> Count=1\n|\t|\t|\t0 {CascadeTransformation`2}\n|\t|\t|\t|\t<enumerated results> Count=730\n|\t|\t|\t|\t|\t0=10/8/2009 12:00:00 AM to 10/9/2009 12:00:00 AM\n|\t|\t|\t|\t|\t...\n|\t|\t|\t|\t|\t729=10/7/2011 12:00:00 AM to 10/8/2011 12:00:00 AM\n|\t|\t|\t|\t_Source {ConvertTransformation`2}\n|\t|\t|\t|\t|\t<enumerated results> Count=1\n|\t|\t|\t|\t|\t|\t0 {ConvertTransformation`2}\n|\t|\t|\t|\t|\t|\t|\t<enumerated results> Count=730\n|\t|\t|\t|\t|\t|\t|\t|\t0=10/8/2009 12:00:00 AM to 10/9/2009 12:00:00 AM\n|\t|\t|\t|\t|\t|\t|\t|\t...\n|\t|\t|\t|\t|\t|\t|\t|\t729=10/7/2011 12:00:00 AM to 10/8/2011 12:00:00 AM\n|\t|\t|\t|\t|\t|\t|\tSource {GroupingTransformation`2}\n|\t|\t|\t|\t|\t|\t|\t|\t<enumerated results> Count=730\n|\t|\t|\t|\t|\t|\t|\t|\t|\t0=10/8/2009 12:00:00 AM to 10/9/2009 12:00:00 AM\n|\t|\t|\t|\t|\t|\t|\t|\t|\t...\n|\t|\t|\t|\t|\t|\t|\t|\t|\t729=10/7/2011 12:00:00 AM to 10/8/2011 12:00:00 AM\n|\t|\t|\t|\t|\t|\t|\t|\t_Source {ConvertTransformation`2}\n|\t|\t|\t|\t|\t|\t|\t|\t|\t<enumerated results> Count=730\n|\t|\t|\t|\t|\t|\t|\t|\t|\t|\t0=10/8/2009 12:00:00 AM to 10/9/2009 12:00:00 AM\n|\t|\t|\t|\t|\t|\t|\t|\t|\t|\t...\n|\t|\t|\t|\t|\t|\t|\t|\t|\t|\t729=10/7/2011 12:00:00 AM to 10/8/2011 12:00:00 AM\n|\t|\t|\t|\t|\t|\t|\t|\t|\tSource {ConvertPairsGroupingTransformation`3}\n|\t|\t|\t|\t|\t|\t|\t|\t|\t|\t<enumerated results> Count=730\n|\t|\t|\t|\t|\t|\t|\t|\t|\t|\t|\t0 {VB$AnonymousType_0`2}\n|\t|\t|\t|\t|\t|\t|\t|\t|\t|\t|\t...\n|\t|\t|\t|\t|\t|\t|\t|\t|\t|\t|\t729 {VB$AnonymousType_0`2}\n|\t|\t|\t|\t|\t|\t|\t|\t|\t|\tContentVersion=(sn 1)\n|\t|\t|\t|\t|\t|\t|\t|\t|\t|\t_Prms {BoundGroupFilterTransformation`2}\n|\t|\t|\t|\t|\t|\t|\t|\t|\t|\t|\t<enumerated results> Count=730\n|\t|\t|\t|\t|\t|\t|\t|\t|\t|\t|\t|\t0 {Tuple`2}\n|\t|\t|\t|\t|\t|\t|\t|\t|\t|\t|\t|\t|\tFirst {VB$AnonymousType_0`2}\n|\t|\t|\t|\t|\t|\t|\t|\t|\t|\t|\t|\t|\t|\t<duplicate>\n|\t|\t|\t|\t|\t|\t|\t|\t|\t|\t|\t|\t|\tSecond=True\n|\t|\t|\t|\t|\t|\t|\t|\t|\t|\t|\t|\t...\n|\t|\t|\t|\t|\t|\t|\t|\t|\t|\t|\t|\t729 {Tuple`2}\n|\t|\t|\t|\t|\t|\t|\t|\t|\t|\t|\t|\t|\tFirst {VB$AnonymousType_0`2}\n|\t|\t|\t|\t|\t|\t|\t|\t|\t|\t|\t|\t|\t|\t<duplicate>\n|\t|\t|\t|\t|\t|\t|\t|\t|\t|\t|\t|\t|\tSecond=True\n|\t|\t|\t|\t|\t|\t|\t|\t|\t|\t|\tContentVersion=(sn 1)\n|\t|\t|\t|\t|\t|\t|\t|\t|\t|\t|\t_Prms {Tuple`2}\n|\t|\t|\t|\t|\t|\t|\t|\t|\t|\t|\t|\tFirst {BoundGroupFilterDispenser`2}\n|\t|\t|\t|\t|\t|\t|\t|\t|\t|\t|\t|\t|\t<enumerated results> Count=730\n|\t|\t|\t|\t|\t|\t|\t|\t|\t|\t|\t|\t|\t|\t0 {Tuple`2}\n|\t|\t|\t|\t|\t|\t|\t|\t|\t|\t|\t|\t|\t|\t|\tFirst {VB$AnonymousType_0`2}\n|\t|\t|\t|\t|\t|\t|\t|\t|\t|\t|\t|\t|\t|\t|\t|\t<duplicate>\n|\t|\t|\t|\t|\t|\t|\t|\t|\t|\t|\t|\t|\t|\t|\tSecond=True\n|\t|\t|\t|\t|\t|\t|\t|\t|\t|\t|\t|\t|\t|\t...\n|\t|\t|\t|\t|\t|\t|\t|\t|\t|\t|\t|\t|\t|\t729 {Tuple`2}\n|\t|\t|\t|\t|\t|\t|\t|\t|\t|\t|\t|\t|\t|\t|\tFirst {VB$AnonymousType_0`2}\n|\t|\t|\t|\t|\t|\t|\t|\t|\t|\t|\t|\t|\t|\t|\t|\t<duplicate>\n|\t|\t|\t|\t|\t|\t|\t|\t|\t|\t|\t|\t|\t|\t|\tSecond=True\n|\t|\t|\t|\t|\t|\t|\t|\t|\t|\t|\t|\t|\t_Source {NotifyVpcTransformation`2}\n|\t|\t|\t|\t|\t|\t|\t|\t|\t|\t|\t|\t|\t|\t<enumerated results> Count=730\n|\t|\t|\t|\t|\t|\t|\t|\t|\t|\t|\t|\t|\t|\t|\t0 {Tuple`2}\n|\t|\t|\t|\t|\t|\t|\t|\t|\t|\t|\t|\t|\t|\t|\t|\tFirst {VB$AnonymousType_0`2}\n|\t|\t|\t|\t|\t|\t|\t|\t|\t|\t|\t|\t|\t|\t|\t|\t|\t<duplicate>\n|\t|\t|\t|\t|\t|\t|\t|\t|\t|\t|\t|\t|\t|\t|\t|\tSecond=True\n|\t|\t|\t|\t|\t|\t|\t|\t|\t|\t|\t|\t|\t|\t|\t...\n|\t|\t|\t|\t|\t|\t|\t|\t|\t|\t|\t|\t|\t|\t|\t729 {Tuple`2}\n|\t|\t|\t|\t|\t|\t|\t|\t|\t|\t|\t|\t|\t|\t|\t|\tFirst {VB$AnonymousType_0`2}\n|\t|\t|\t|\t|\t|\t|\t|\t|\t|\t|\t|\t|\t|\t|\t|\t|\t<duplicate>\n|\t|\t|\t|\t|\t|\t|\t|\t|\t|\t|\t|\t|\t|\t|\t|\tSecond=True\n|\t|\t|\t|\t|\t|\t|\t|\t|\t|\t|\t|\t|\t|\t_Source {CascadeTransformation`2}\n|\t|\t|\t|\t|\t|\t|\t|\t|\t|\t|\t|\t|\t|\t|\t<enumerated results> Count=730\n|\t|\t|\t|\t|\t|\t|\t|\t|\t|\t|\t|\t|\t|\t|\t|\t0 {VB$AnonymousType_0`2}\n|\t|\t|\t|\t|\t|\t|\t|\t|\t|\t|\t|\t|\t|\t|\t|\t|\t<duplicate>\n|\t|\t|\t|\t|\t|\t|\t|\t|\t|\t|\t|\t|\t|\t|\t|\t...\n|\t|\t|\t|\t|\t|\t|\t|\t|\t|\t|\t|\t|\t|\t|\t|\t729 {VB$AnonymousType_0`2}\n|\t|\t|\t|\t|\t|\t|\t|\t|\t|\t|\t|\t|\t|\t|\t|\t|\t<duplicate>\n|\t|\t|\t|\t|\t|\t|\t|\t|\t|\t|\t|\t|\t|\t|\t_Source {ConvertTransformation`2}\n|\t|\t|\t|\t|\t|\t|\t|\t|\t|\t|\t|\t|\t|\t|\t|\t<enumerated results> Count=1\n|\t|\t|\t|\t|\t|\t|\t|\t|\t|\t|\t|\t|\t|\t|\t|\t|\t0 {ConvertTransformation`2}\n|\t|\t|\t|\t|\t|\t|\t|\t|\t|\t|\t|\t|\t|\t|\t|\t|\t|\t<enumerated results> Count=730\n|\t|\t|\t|\t|\t|\t|\t|\t|\t|\t|\t|\t|\t|\t|\t|\t|\t|\t|\t0 {VB$AnonymousType_0`2}\n|\t|\t|\t|\t|\t|\t|\t|\t|\t|\t|\t|\t|\t|\t|\t|\t|\t|\t|\t|\t<duplicate>\n|\t|\t|\t|\t|\t|\t|\t|\t|\t|\t|\t|\t|\t|\t|\t|\t|\t|\t|\t...\n|\t|\t|\t|\t|\t|\t|\t|\t|\t|\t|\t|\t|\t|\t|\t|\t|\t|\t|\t729 {VB$AnonymousType_0`2}\n|\t|\t|\t|\t|\t|\t|\t|\t|\t|\t|\t|\t|\t|\t|\t|\t|\t|\t|\t|\t<duplicate>\n|\t|\t|\t|\t|\t|\t|\t|\t|\t|\t|\t|\t|\t|\t|\t|\t|\t|\tSource {CascadeTransformation`2}\n|\t|\t|\t|\t|\t|\t|\t|\t|\t|\t|\t|\t|\t|\t|\t|\t|\t|\t|\t<enumerated results> Count=730\n|\t|\t|\t|\t|\t|\t|\t|\t|\t|\t|\t|\t|\t|\t|\t|\t|\t|\t|\t|\t0=10/8/2009 12:00:00 AM to 10/9/2009 12:00:00 AM\n|\t|\t|\t|\t|\t|\t|\t|\t|\t|\t|\t|\t|\t|\t|\t|\t|\t|\t|\t|\t...\n|\t|\t|\t|\t|\t|\t|\t|\t|\t|\t|\t|\t|\t|\t|\t|\t|\t|\t|\t|\t729=10/7/2011 12:00:00 AM to 10/8/2011 12:00:00 AM\n|\t|\t|\t|\t|\t|\t|\t|\t|\t|\t|\t|\t|\t|\t|\t|\t|\t|\t|\t_Source {AsCollectionNullableTransformation`1}\n|\t|\t|\t|\t|\t|\t|\t|\t|\t|\t|\t|\t|\t|\t|\t|\t|\t|\t|\t|\t<enumerated results> Count=1\n|\t|\t|\t|\t|\t|\t|\t|\t|\t|\t|\t|\t|\t|\t|\t|\t|\t|\t|\t|\t|\t0 {ConvertTransformation`2}\n|\t|\t|\t|\t|\t|\t|\t|\t|\t|\t|\t|\t|\t|\t|\t|\t|\t|\t|\t|\t|\t|\t<enumerated results> Count=730\n|\t|\t|\t|\t|\t|\t|\t|\t|\t|\t|\t|\t|\t|\t|\t|\t|\t|\t|\t|\t|\t|\t|\t0=10/8/2009 12:00:00 AM to 10/9/2009 12:00:00 AM\n|\t|\t|\t|\t|\t|\t|\t|\t|\t|\t|\t|\t|\t|\t|\t|\t|\t|\t|\t|\t|\t|\t|\t...\n|\t|\t|\t|\t|\t|\t|\t|\t|\t|\t|\t|\t|\t|\t|\t|\t|\t|\t|\t|\t|\t|\t|\t729=10/7/2011 12:00:00 AM to 10/8/2011 12:00:00 AM\n|\t|\t|\t|\t|\t|\t|\t|\t|\t|\t|\t|\t|\t|\t|\t|\t|\t|\t|\t|\t|\t|\tSource {CascadeTransformation`2}\n|\t|\t|\t|\t|\t|\t|\t|\t|\t|\t|\t|\t|\t|\t|\t|\t|\t|\t|\t|\t|\t|\t|\t<enumerated results> Count=730\n|\t|\t|\t|\t|\t|\t|\t|\t|\t|\t|\t|\t|\t|\t|\t|\t|\t|\t|\t|\t|\t|\t|\t|\t0=10/8/2009 12:00:00 AM\n|\t|\t|\t|\t|\t|\t|\t|\t|\t|\t|\t|\t|\t|\t|\t|\t|\t|\t|\t|\t|\t|\t|\t|\t...\n|\t|\t|\t|\t|\t|\t|\t|\t|\t|\t|\t|\t|\t|\t|\t|\t|\t|\t|\t|\t|\t|\t|\t|\t729=10/7/2011 12:00:00 AM\n|\t|\t|\t|\t|\t|\t|\t|\t|\t|\t|\t|\t|\t|\t|\t|\t|\t|\t|\t|\t|\t|\t|\t_Source {AsCollectionNullableTransformation`1}\n|\t|\t|\t|\t|\t|\t|\t|\t|\t|\t|\t|\t|\t|\t|\t|\t|\t|\t|\t|\t|\t|\t|\t|\t<enumerated results> Count=1\n|\t|\t|\t|\t|\t|\t|\t|\t|\t|\t|\t|\t|\t|\t|\t|\t|\t|\t|\t|\t|\t|\t|\t|\t|\t0 {CascadeTransformation`2}\n|\t|\t|\t|\t|\t|\t|\t|\t|\t|\t|\t|\t|\t|\t|\t|\t|\t|\t|\t|\t|\t|\t|\t|\t|\t|\t<enumerated results> Count=730\n|\t|\t|\t|\t|\t|\t|\t|\t|\t|\t|\t|\t|\t|\t|\t|\t|\t|\t|\t|\t|\t|\t|\t|\t|\t|\t|\t0=10/8/2009 12:00:00 AM\n|\t|\t|\t|\t|\t|\t|\t|\t|\t|\t|\t|\t|\t|\t|\t|\t|\t|\t|\t|\t|\t|\t|\t|\t|\t|\t|\t...\n|\t|\t|\t|\t|\t|\t|\t|\t|\t|\t|\t|\t|\t|\t|\t|\t|\t|\t|\t|\t|\t|\t|\t|\t|\t|\t|\t729=10/7/2011 12:00:00 AM\n|\t|\t|\t|\t|\t|\t|\t|\t|\t|\t|\t|\t|\t|\t|\t|\t|\t|\t|\t|\t|\t|\t|\t|\t|\t|\t_Source {ConvertTransformation`2}\n|\t|\t|\t|\t|\t|\t|\t|\t|\t|\t|\t|\t|\t|\t|\t|\t|\t|\t|\t|\t|\t|\t|\t|\t|\t|\t|\t<enumerated results> Count=1\n|\t|\t|\t|\t|\t|\t|\t|\t|\t|\t|\t|\t|\t|\t|\t|\t|\t|\t|\t|\t|\t|\t|\t|\t|\t|\t|\t|\t0 {ConvertTransformation`2}\n|\t|\t|\t|\t|\t|\t|\t|\t|\t|\t|\t|\t|\t|\t|\t|\t|\t|\t|\t|\t|\t|\t|\t|\t|\t|\t|\t|\t|\t<enumerated results> Count=731\n|\t|\t|\t|\t|\t|\t|\t|\t|\t|\t|\t|\t|\t|\t|\t|\t|\t|\t|\t|\t|\t|\t|\t|\t|\t|\t|\t|\t|\t|\t0=10/7/2009 12:00:00 AM\n|\t|\t|\t|\t|\t|\t|\t|\t|\t|\t|\t|\t|\t|\t|\t|\t|\t|\t|\t|\t|\t|\t|\t|\t|\t|\t|\t|\t|\t|\t...\n|\t|\t|\t|\t|\t|\t|\t|\t|\t|\t|\t|\t|\t|\t|\t|\t|\t|\t|\t|\t|\t|\t|\t|\t|\t|\t|\t|\t|\t|\t730=10/7/2011 12:00:00 AM\n|\t|\t|\t|\t|\t|\t|\t|\t|\t|\t|\t|\t|\t|\t|\t|\t|\t|\t|\t|\t|\t|\t|\t|\t|\t|\t|\t|\t|\tSource {RangeTransformation}\n|\t|\t|\t|\t|\t|\t|\t|\t|\t|\t|\t|\t|\t|\t|\t|\t|\t|\t|\t|\t|\t|\t|\t|\t|\t|\t|\t|\t|\t|\t<enumerated results> Count=731\n|\t|\t|\t|\t|\t|\t|\t|\t|\t|\t|\t|\t|\t|\t|\t|\t|\t|\t|\t|\t|\t|\t|\t|\t|\t|\t|\t|\t|\t|\t|\t0=733686\n|\t|\t|\t|\t|\t|\t|\t|\t|\t|\t|\t|\t|\t|\t|\t|\t|\t|\t|\t|\t|\t|\t|\t|\t|\t|\t|\t|\t|\t|\t|\t...\n|\t|\t|\t|\t|\t|\t|\t|\t|\t|\t|\t|\t|\t|\t|\t|\t|\t|\t|\t|\t|\t|\t|\t|\t|\t|\t|\t|\t|\t|\t|\t730=734416\n|\t|\t|\t|\t|\t|\t|\t|\t|\t|\t|\t|\t|\t|\t|\t|\t|\t|\t|\t|\t|\t|\t|\t|\t|\t|\t|\t|\t|\t|\tContentVersion=(sn 0)\n|\t|\t|\t|\t|\t|\t|\t|\t|\t|\t|\t|\t|\t|\t|\t|\t|\t|\t|\t|\t|\t|\t|\t|\t|\t|\t|\t|\t|\t|\t_Prms {Tuple`2}\n|\t|\t|\t|\t|\t|\t|\t|\t|\t|\t|\t|\t|\t|\t|\t|\t|\t|\t|\t|\t|\t|\t|\t|\t|\t|\t|\t|\t|\t|\t|\tFirst {UnarySelectTransformation`2}\n|\t|\t|\t|\t|\t|\t|\t|\t|\t|\t|\t|\t|\t|\t|\t|\t|\t|\t|\t|\t|\t|\t|\t|\t|\t|\t|\t|\t|\t|\t|\t|\tValue=733686\n|\t|\t|\t|\t|\t|\t|\t|\t|\t|\t|\t|\t|\t|\t|\t|\t|\t|\t|\t|\t|\t|\t|\t|\t|\t|\t|\t|\t|\t|\t|\t|\t_Prms {Tuple`2}\n|\t|\t|\t|\t|\t|\t|\t|\t|\t|\t|\t|\t|\t|\t|\t|\t|\t|\t|\t|\t|\t|\t|\t|\t|\t|\t|\t|\t|\t|\t|\t|\t|\tFirst {PropertyTransformation`2}\n|\t|\t|\t|\t|\t|\t|\t|\t|\t|\t|\t|\t|\t|\t|\t|\t|\t|\t|\t|\t|\t|\t|\t|\t|\t|\t|\t|\t|\t|\t|\t|\t|\t|\tValue=10/7/2009 12:00:00 AM\n|\t|\t|\t|\t|\t|\t|\t|\t|\t|\t|\t|\t|\t|\t|\t|\t|\t|\t|\t|\t|\t|\t|\t|\t|\t|\t|\t|\t|\t|\t|\t|\t|\t|\t_Prms {Tuple`2}\n|\t|\t|\t|\t|\t|\t|\t|\t|\t|\t|\t|\t|\t|\t|\t|\t|\t|\t|\t|\t|\t|\t|\t|\t|\t|\t|\t|\t|\t|\t|\t|\t|\t|\t|\tFirst {StaticValueProvider`1}\n|\t|\t|\t|\t|\t|\t|\t|\t|\t|\t|\t|\t|\t|\t|\t|\t|\t|\t|\t|\t|\t|\t|\t|\t|\t|\t|\t|\t|\t|\t|\t|\t|\t|\t|\t|\tValue=10/7/2009 12:00:00 AM to 10/8/2011 12:00:00 AM\n|\t|\t|\t|\t|\t|\t|\t|\t|\t|\t|\t|\t|\t|\t|\t|\t|\t|\t|\t|\t|\t|\t|\t|\t|\t|\t|\t|\t|\t|\t|\t|\t|\t|\t|\tSecond {PropertyClass}\n|\t|\t|\t|\t|\t|\t|\t|\t|\t|\t|\t|\t|\t|\t|\t|\t|\t|\t|\t|\t|\t|\t|\t|\t|\t|\t|\t|\t|\t|\t|\t|\t|\t|\t|\t|\t_GetMethod {Func`2}\n|\t|\t|\t|\t|\t|\t|\t|\t|\t|\t|\t|\t|\t|\t|\t|\t|\t|\t|\t|\t|\t|\t|\t|\t|\t|\t|\t|\t|\t|\t|\t|\t|\t|\t|\t|\t|\tTarget {ExecutionScope}\n|\t|\t|\t|\t|\t|\t|\t|\t|\t|\t|\t|\t|\t|\t|\t|\t|\t|\t|\t|\t|\t|\t|\t|\t|\t|\t|\t|\t|\t|\t|\t|\t|\t|\t|\t|\t|\t|\tParent=<null>\n|\t|\t|\t|\t|\t|\t|\t|\t|\t|\t|\t|\t|\t|\t|\t|\t|\t|\t|\t|\t|\t|\t|\t|\t|\t|\t|\t|\t|\t|\t|\t|\t|\t|\t|\t|\t|\t|\tGlobals {Object[]}\n|\t|\t|\t|\t|\t|\t|\t|\t|\t|\t|\t|\t|\t|\t|\t|\t|\t|\t|\t|\t|\t|\t|\t|\t|\t|\t|\t|\t|\t|\t|\t|\t|\t|\t|\t|\t|\t|\t|\t<enumerated results> Count=0\n|\t|\t|\t|\t|\t|\t|\t|\t|\t|\t|\t|\t|\t|\t|\t|\t|\t|\t|\t|\t|\t|\t|\t|\t|\t|\t|\t|\t|\t|\t|\t|\t|\t|\t|\t|\t|\t|\tLocals=<null>\n|\t|\t|\t|\t|\t|\t|\t|\t|\t|\t|\t|\t|\t|\t|\t|\t|\t|\t|\t|\t|\t|\t|\t|\t|\t|\t|\t|\t|\t|\t|\t|\t|\t|\t|\t|\t|\t|\tLambda {LambdaInfo}\n|\t|\t|\t|\t|\t|\t|\t|\t|\t|\t|\t|\t|\t|\t|\t|\t|\t|\t|\t|\t|\t|\t|\t|\t|\t|\t|\t|\t|\t|\t|\t|\t|\t|\t|\t|\t|\t|\t|\tLambda=obj => obj.Start\n|\t|\t|\t|\t|\t|\t|\t|\t|\t|\t|\t|\t|\t|\t|\t|\t|\t|\t|\t|\t|\t|\t|\t|\t|\t|\t|\t|\t|\t|\t|\t|\t|\tSecond {Func`2}\n|\t|\t|\t|\t|\t|\t|\t|\t|\t|\t|\t|\t|\t|\t|\t|\t|\t|\t|\t|\t|\t|\t|\t|\t|\t|\t|\t|\t|\t|\t|\t|\t|\t|\tTarget {ExecutionScope}\n|\t|\t|\t|\t|\t|\t|\t|\t|\t|\t|\t|\t|\t|\t|\t|\t|\t|\t|\t|\t|\t|\t|\t|\t|\t|\t|\t|\t|\t|\t|\t|\t|\t|\t|\tParent {ExecutionScope}\n|\t|\t|\t|\t|\t|\t|\t|\t|\t|\t|\t|\t|\t|\t|\t|\t|\t|\t|\t|\t|\t|\t|\t|\t|\t|\t|\t|\t|\t|\t|\t|\t|\t|\t|\t|\tParent {ExecutionScope}\n|\t|\t|\t|\t|\t|\t|\t|\t|\t|\t|\t|\t|\t|\t|\t|\t|\t|\t|\t|\t|\t|\t|\t|\t|\t|\t|\t|\t|\t|\t|\t|\t|\t|\t|\t|\t|\tParent {ExecutionScope}\n|\t|\t|\t|\t|\t|\t|\t|\t|\t|\t|\t|\t|\t|\t|\t|\t|\t|\t|\t|\t|\t|\t|\t|\t|\t|\t|\t|\t|\t|\t|\t|\t|\t|\t|\t|\t|\t|\tParent {ExecutionScope}\n|\t|\t|\t|\t|\t|\t|\t|\t|\t|\t|\t|\t|\t|\t|\t|\t|\t|\t|\t|\t|\t|\t|\t|\t|\t|\t|\t|\t|\t|\t|\t|\t|\t|\t|\t|\t|\t|\t|\tParent=<null>\n|\t|\t|\t|\t|\t|\t|\t|\t|\t|\t|\t|\t|\t|\t|\t|\t|\t|\t|\t|\t|\t|\t|\t|\t|\t|\t|\t|\t|\t|\t|\t|\t|\t|\t|\t|\t|\t|\t|\tGlobals {Object[]}\n|\t|\t|\t|\t|\t|\t|\t|\t|\t|\t|\t|\t|\t|\t|\t|\t|\t|\t|\t|\t|\t|\t|\t|\t|\t|\t|\t|\t|\t|\t|\t|\t|\t|\t|\t|\t|\t|\t|\t|\t<enumerated results> Count=5\n|\t|\t|\t|\t|\t|\t|\t|\t|\t|\t|\t|\t|\t|\t|\t|\t|\t|\t|\t|\t|\t|\t|\t|\t|\t|\t|\t|\t|\t|\t|\t|\t|\t|\t|\t|\t|\t|\t|\t|\t|\t0 {StrongBox`1}\n|\t|\t|\t|\t|\t|\t|\t|\t|\t|\t|\t|\t|\t|\t|\t|\t|\t|\t|\t|\t|\t|\t|\t|\t|\t|\t|\t|\t|\t|\t|\t|\t|\t|\t|\t|\t|\t|\t|\t|\t|\t|\tValue {RuntimePropertyInfo}\n|\t|\t|\t|\t|\t|\t|\t|\t|\t|\t|\t|\t|\t|\t|\t|\t|\t|\t|\t|\t|\t|\t|\t|\t|\t|\t|\t|\t|\t|\t|\t|\t|\t|\t|\t|\t|\t|\t|\t|\t|\t...\n|\t|\t|\t|\t|\t|\t|\t|\t|\t|\t|\t|\t|\t|\t|\t|\t|\t|\t|\t|\t|\t|\t|\t|\t|\t|\t|\t|\t|\t|\t|\t|\t|\t|\t|\t|\t|\t|\t|\t|\t|\t4 {StrongBox`1}\n|\t|\t|\t|\t|\t|\t|\t|\t|\t|\t|\t|\t|\t|\t|\t|\t|\t|\t|\t|\t|\t|\t|\t|\t|\t|\t|\t|\t|\t|\t|\t|\t|\t|\t|\t|\t|\t|\t|\t|\t|\t|\tValue {RuntimePropertyInfo}\n|\t|\t|\t|\t|\t|\t|\t|\t|\t|\t|\t|\t|\t|\t|\t|\t|\t|\t|\t|\t|\t|\t|\t|\t|\t|\t|\t|\t|\t|\t|\t|\t|\t|\t|\t|\t|\t|\t|\tLocals=<null>\n|\t|\t|\t|\t|\t|\t|\t|\t|\t|\t|\t|\t|\t|\t|\t|\t|\t|\t|\t|\t|\t|\t|\t|\t|\t|\t|\t|\t|\t|\t|\t|\t|\t|\t|\t|\t|\t|\t|\tLambda {LambdaInfo}\n|\t|\t|\t|\t|\t|\t|\t|\t|\t|\t|\t|\t|\t|\t|\t|\t|\t|\t|\t|\t|\t|\t|\t|\t|\t|\t|\t|\t|\t|\t|\t|\t|\t|\t|\t|\t|\t|\t|\t|\tLambda=_source => Cacher1(source => Property(source, CompasBiz.DateSeries.IExpressionWithListResult`1[CompasBiz.Scheduling.ScheduleDateRange] Argument).Property(System.Collections.Generic.IEnumerable`1[CompasBiz.Scheduling.ScheduleDateRange] Result).Select(_1 => _1.SelectMany(first => Range(Property(first, System.DateTime Start).Select(_0 => ConvertChecked(_0.TotalDays())), Property(first, System.DateTime End).Select(Property(first, System.DateTime Start), (_1, _2) => ConvertChecked((_1.TotalDays() - _2.TotalDays())))), (first, generatedDay) => new DateTime(FromDays(Convert(generatedDay)).Ticks))), _source)\n|\t|\t|\t|\t|\t|\t|\t|\t|\t|\t|\t|\t|\t|\t|\t|\t|\t|\t|\t|\t|\t|\t|\t|\t|\t|\t|\t|\t|\t|\t|\t|\t|\t|\t|\t|\t|\t|\tGlobals {Object[]}\n|\t|\t|\t|\t|\t|\t|\t|\t|\t|\t|\t|\t|\t|\t|\t|\t|\t|\t|\t|\t|\t|\t|\t|\t|\t|\t|\t|\t|\t|\t|\t|\t|\t|\t|\t|\t|\t|\t|\t<duplicate>\n|\t|\t|\t|\t|\t|\t|\t|\t|\t|\t|\t|\t|\t|\t|\t|\t|\t|\t|\t|\t|\t|\t|\t|\t|\t|\t|\t|\t|\t|\t|\t|\t|\t|\t|\t|\t|\t|\tLocals=<null>\n|\t|\t|\t|\t|\t|\t|\t|\t|\t|\t|\t|\t|\t|\t|\t|\t|\t|\t|\t|\t|\t|\t|\t|\t|\t|\t|\t|\t|\t|\t|\t|\t|\t|\t|\t|\t|\t|\tLambda {LambdaInfo}\n|\t|\t|\t|\t|\t|\t|\t|\t|\t|\t|\t|\t|\t|\t|\t|\t|\t|\t|\t|\t|\t|\t|\t|\t|\t|\t|\t|\t|\t|\t|\t|\t|\t|\t|\t|\t|\t|\t|\tLambda=source => Property(source, CompasBiz.DateSeries.IExpressionWithListResult`1[CompasBiz.Scheduling.ScheduleDateRange] Argument).Property(System.Collections.Generic.IEnumerable`1[CompasBiz.Scheduling.ScheduleDateRange] Result).Select(_1 => _1.SelectMany(first => Range(Property(first, System.DateTime Start).Select(_0 => ConvertChecked(_0.TotalDays())), Property(first, System.DateTime End).Select(Property(first, System.DateTime Start), (_1, _2) => ConvertChecked((_1.TotalDays() - _2.TotalDays())))), (first, generatedDay) => new DateTime(FromDays(Convert(generatedDay)).Ticks)))\n|\t|\t|\t|\t|\t|\t|\t|\t|\t|\t|\t|\t|\t|\t|\t|\t|\t|\t|\t|\t|\t|\t|\t|\t|\t|\t|\t|\t|\t|\t|\t|\t|\t|\t|\t|\t|\tGlobals {Object[]}\n|\t|\t|\t|\t|\t|\t|\t|\t|\t|\t|\t|\t|\t|\t|\t|\t|\t|\t|\t|\t|\t|\t|\t|\t|\t|\t|\t|\t|\t|\t|\t|\t|\t|\t|\t|\t|\t|\t<duplicate>\n|\t|\t|\t|\t|\t|\t|\t|\t|\t|\t|\t|\t|\t|\t|\t|\t|\t|\t|\t|\t|\t|\t|\t|\t|\t|\t|\t|\t|\t|\t|\t|\t|\t|\t|\t|\t|\tLocals=<null>\n|\t|\t|\t|\t|\t|\t|\t|\t|\t|\t|\t|\t|\t|\t|\t|\t|\t|\t|\t|\t|\t|\t|\t|\t|\t|\t|\t|\t|\t|\t|\t|\t|\t|\t|\t|\t|\tLambda {LambdaInfo}\n|\t|\t|\t|\t|\t|\t|\t|\t|\t|\t|\t|\t|\t|\t|\t|\t|\t|\t|\t|\t|\t|\t|\t|\t|\t|\t|\t|\t|\t|\t|\t|\t|\t|\t|\t|\t|\t|\tLambda=_1 => _1.SelectMany(first => Range(Property(first, System.DateTime Start).Select(_0 => ConvertChecked(_0.TotalDays())), Property(first, System.DateTime End).Select(Property(first, System.DateTime Start), (_1, _2) => ConvertChecked((_1.TotalDays() - _2.TotalDays())))), (first, generatedDay) => new DateTime(FromDays(Convert(generatedDay)).Ticks))\n|\t|\t|\t|\t|\t|\t|\t|\t|\t|\t|\t|\t|\t|\t|\t|\t|\t|\t|\t|\t|\t|\t|\t|\t|\t|\t|\t|\t|\t|\t|\t|\t|\t|\t|\t|\tGlobals {Object[]}\n|\t|\t|\t|\t|\t|\t|\t|\t|\t|\t|\t|\t|\t|\t|\t|\t|\t|\t|\t|\t|\t|\t|\t|\t|\t|\t|\t|\t|\t|\t|\t|\t|\t|\t|\t|\t|\t<duplicate>\n|\t|\t|\t|\t|\t|\t|\t|\t|\t|\t|\t|\t|\t|\t|\t|\t|\t|\t|\t|\t|\t|\t|\t|\t|\t|\t|\t|\t|\t|\t|\t|\t|\t|\t|\t|\tLocals=<null>\n|\t|\t|\t|\t|\t|\t|\t|\t|\t|\t|\t|\t|\t|\t|\t|\t|\t|\t|\t|\t|\t|\t|\t|\t|\t|\t|\t|\t|\t|\t|\t|\t|\t|\t|\t|\tLambda {LambdaInfo}\n|\t|\t|\t|\t|\t|\t|\t|\t|\t|\t|\t|\t|\t|\t|\t|\t|\t|\t|\t|\t|\t|\t|\t|\t|\t|\t|\t|\t|\t|\t|\t|\t|\t|\t|\t|\t|\tLambda=first => Range(Property(first, System.DateTime Start).Select(_0 => ConvertChecked(_0.TotalDays())), Property(first, System.DateTime End).Select(Property(first, System.DateTime Start), (_1, _2) => ConvertChecked((_1.TotalDays() - _2.TotalDays()))))\n|\t|\t|\t|\t|\t|\t|\t|\t|\t|\t|\t|\t|\t|\t|\t|\t|\t|\t|\t|\t|\t|\t|\t|\t|\t|\t|\t|\t|\t|\t|\t|\t|\t|\t|\tGlobals {Object[]}\n|\t|\t|\t|\t|\t|\t|\t|\t|\t|\t|\t|\t|\t|\t|\t|\t|\t|\t|\t|\t|\t|\t|\t|\t|\t|\t|\t|\t|\t|\t|\t|\t|\t|\t|\t|\t<duplicate>\n|\t|\t|\t|\t|\t|\t|\t|\t|\t|\t|\t|\t|\t|\t|\t|\t|\t|\t|\t|\t|\t|\t|\t|\t|\t|\t|\t|\t|\t|\t|\t|\t|\t|\t|\tLocals=<null>\n|\t|\t|\t|\t|\t|\t|\t|\t|\t|\t|\t|\t|\t|\t|\t|\t|\t|\t|\t|\t|\t|\t|\t|\t|\t|\t|\t|\t|\t|\t|\t|\t|\t|\t|\tLambda {LambdaInfo}\n|\t|\t|\t|\t|\t|\t|\t|\t|\t|\t|\t|\t|\t|\t|\t|\t|\t|\t|\t|\t|\t|\t|\t|\t|\t|\t|\t|\t|\t|\t|\t|\t|\t|\t|\t|\tLambda=_0 => ConvertChecked(_0.TotalDays())\n|\t|\t|\t|\t|\t|\t|\t|\t|\t|\t|\t|\t|\t|\t|\t|\t|\t|\t|\t|\t|\t|\t|\t|\t|\t|\t|\t|\t|\t|\t|\tSecond {BinaryTransformation`3}\n|\t|\t|\t|\t|\t|\t|\t|\t|\t|\t|\t|\t|\t|\t|\t|\t|\t|\t|\t|\t|\t|\t|\t|\t|\t|\t|\t|\t|\t|\t|\t|\tValue=734417\n|\t|\t|\t|\t|\t|\t|\t|\t|\t|\t|\t|\t|\t|\t|\t|\t|\t|\t|\t|\t|\t|\t|\t|\t|\t|\t|\t|\t|\t|\t|\t|\t_Prms {Tuple`3}\n|\t|\t|\t|\t|\t|\t|\t|\t|\t|\t|\t|\t|\t|\t|\t|\t|\t|\t|\t|\t|\t|\t|\t|\t|\t|\t|\t|\t|\t|\t|\t|\t|\tFirst {UnarySelectTransformation`2}\n|\t|\t|\t|\t|\t|\t|\t|\t|\t|\t|\t|\t|\t|\t|\t|\t|\t|\t|\t|\t|\t|\t|\t|\t|\t|\t|\t|\t|\t|\t|\t|\t|\t|\t<duplicate>\n|\t|\t|\t|\t|\t|\t|\t|\t|\t|\t|\t|\t|\t|\t|\t|\t|\t|\t|\t|\t|\t|\t|\t|\t|\t|\t|\t|\t|\t|\t|\t|\t|\tSecond {BinarySelectTransformation`3}\n|\t|\t|\t|\t|\t|\t|\t|\t|\t|\t|\t|\t|\t|\t|\t|\t|\t|\t|\t|\t|\t|\t|\t|\t|\t|\t|\t|\t|\t|\t|\t|\t|\t|\tValue=731\n|\t|\t|\t|\t|\t|\t|\t|\t|\t|\t|\t|\t|\t|\t|\t|\t|\t|\t|\t|\t|\t|\t|\t|\t|\t|\t|\t|\t|\t|\t|\t|\t|\t|\t_Prms {Tuple`3}\n|\t|\t|\t|\t|\t|\t|\t|\t|\t|\t|\t|\t|\t|\t|\t|\t|\t|\t|\t|\t|\t|\t|\t|\t|\t|\t|\t|\t|\t|\t|\t|\t|\t|\t|\tFirst {PropertyTransformation`2}\n|\t|\t|\t|\t|\t|\t|\t|\t|\t|\t|\t|\t|\t|\t|\t|\t|\t|\t|\t|\t|\t|\t|\t|\t|\t|\t|\t|\t|\t|\t|\t|\t|\t|\t|\t|\tValue=10/8/2011 12:00:00 AM\n|\t|\t|\t|\t|\t|\t|\t|\t|\t|\t|\t|\t|\t|\t|\t|\t|\t|\t|\t|\t|\t|\t|\t|\t|\t|\t|\t|\t|\t|\t|\t|\t|\t|\t|\t|\t_Prms {Tuple`2}\n|\t|\t|\t|\t|\t|\t|\t|\t|\t|\t|\t|\t|\t|\t|\t|\t|\t|\t|\t|\t|\t|\t|\t|\t|\t|\t|\t|\t|\t|\t|\t|\t|\t|\t|\t|\t|\tFirst {StaticValueProvider`1}\n|\t|\t|\t|\t|\t|\t|\t|\t|\t|\t|\t|\t|\t|\t|\t|\t|\t|\t|\t|\t|\t|\t|\t|\t|\t|\t|\t|\t|\t|\t|\t|\t|\t|\t|\t|\t|\t|\t<duplicate>\n|\t|\t|\t|\t|\t|\t|\t|\t|\t|\t|\t|\t|\t|\t|\t|\t|\t|\t|\t|\t|\t|\t|\t|\t|\t|\t|\t|\t|\t|\t|\t|\t|\t|\t|\t|\t|\tSecond {PropertyClass}\n|\t|\t|\t|\t|\t|\t|\t|\t|\t|\t|\t|\t|\t|\t|\t|\t|\t|\t|\t|\t|\t|\t|\t|\t|\t|\t|\t|\t|\t|\t|\t|\t|\t|\t|\t|\t|\t|\t_GetMethod {Func`2}\n|\t|\t|\t|\t|\t|\t|\t|\t|\t|\t|\t|\t|\t|\t|\t|\t|\t|\t|\t|\t|\t|\t|\t|\t|\t|\t|\t|\t|\t|\t|\t|\t|\t|\t|\t|\t|\t|\t|\tTarget {ExecutionScope}\n|\t|\t|\t|\t|\t|\t|\t|\t|\t|\t|\t|\t|\t|\t|\t|\t|\t|\t|\t|\t|\t|\t|\t|\t|\t|\t|\t|\t|\t|\t|\t|\t|\t|\t|\t|\t|\t|\t|\t|\tParent=<null>\n|\t|\t|\t|\t|\t|\t|\t|\t|\t|\t|\t|\t|\t|\t|\t|\t|\t|\t|\t|\t|\t|\t|\t|\t|\t|\t|\t|\t|\t|\t|\t|\t|\t|\t|\t|\t|\t|\t|\t|\tGlobals {Object[]}\n|\t|\t|\t|\t|\t|\t|\t|\t|\t|\t|\t|\t|\t|\t|\t|\t|\t|\t|\t|\t|\t|\t|\t|\t|\t|\t|\t|\t|\t|\t|\t|\t|\t|\t|\t|\t|\t|\t|\t|\t|\t<enumerated results> Count=0\n|\t|\t|\t|\t|\t|\t|\t|\t|\t|\t|\t|\t|\t|\t|\t|\t|\t|\t|\t|\t|\t|\t|\t|\t|\t|\t|\t|\t|\t|\t|\t|\t|\t|\t|\t|\t|\t|\t|\t|\tLocals=<null>\n|\t|\t|\t|\t|\t|\t|\t|\t|\t|\t|\t|\t|\t|\t|\t|\t|\t|\t|\t|\t|\t|\t|\t|\t|\t|\t|\t|\t|\t|\t|\t|\t|\t|\t|\t|\t|\t|\t|\t|\tLambda {LambdaInfo}\n|\t|\t|\t|\t|\t|\t|\t|\t|\t|\t|\t|\t|\t|\t|\t|\t|\t|\t|\t|\t|\t|\t|\t|\t|\t|\t|\t|\t|\t|\t|\t|\t|\t|\t|\t|\t|\t|\t|\t|\t|\tLambda=obj => obj.End\n|\t|\t|\t|\t|\t|\t|\t|\t|\t|\t|\t|\t|\t|\t|\t|\t|\t|\t|\t|\t|\t|\t|\t|\t|\t|\t|\t|\t|\t|\t|\t|\t|\t|\t|\tSecond {PropertyTransformation`2}\n|\t|\t|\t|\t|\t|\t|\t|\t|\t|\t|\t|\t|\t|\t|\t|\t|\t|\t|\t|\t|\t|\t|\t|\t|\t|\t|\t|\t|\t|\t|\t|\t|\t|\t|\t|\t<duplicate>\n|\t|\t|\t|\t|\t|\t|\t|\t|\t|\t|\t|\t|\t|\t|\t|\t|\t|\t|\t|\t|\t|\t|\t|\t|\t|\t|\t|\t|\tSource {RangeTransformation}\n|\t|\t|\t|\t|\t|\t|\t|\t|\t|\t|\t|\t|\t|\t|\t|\t|\t|\t|\t|\t|\t|\t|\t|\t|\t|\t|\t|\t|\t|\t<duplicate>\n|\t|\t|\t|\t|\t|\t|\t|\t|\t|\t|\t|\t|\t|\t|\t|\t|\t|\t|\t|\t|\t|\t|\t|\t|\t|\t|\t|\t|\tContentVersion=(sn 0)\n|\t|\t|\t|\t|\t|\t|\t|\t|\t|\t|\t|\t|\t|\t|\t|\t|\t|\t|\t|\t|\t|\t|\t|\t|\t|\t|\t|\t|\t_Prms {Tuple`2}\n|\t|\t|\t|\t|\t|\t|\t|\t|\t|\t|\t|\t|\t|\t|\t|\t|\t|\t|\t|\t|\t|\t|\t|\t|\t|\t|\t|\t|\t|\tFirst {RangeTransformation}\n|\t|\t|\t|\t|\t|\t|\t|\t|\t|\t|\t|\t|\t|\t|\t|\t|\t|\t|\t|\t|\t|\t|\t|\t|\t|\t|\t|\t|\t|\t|\t<duplicate>\n|\t|\t|\t|\t|\t|\t|\t|\t|\t|\t|\t|\t|\t|\t|\t|\t|\t|\t|\t|\t|\t|\t|\t|\t|\t|\t|\t|\t|\t|\tSecond {Func`2}\n|\t|\t|\t|\t|\t|\t|\t|\t|\t|\t|\t|\t|\t|\t|\t|\t|\t|\t|\t|\t|\t|\t|\t|\t|\t|\t|\t|\t|\t|\t|\tTarget {FuncExtenderC`4}\n|\t|\t|\t|\t|\t|\t|\t|\t|\t|\t|\t|\t|\t|\t|\t|\t|\t|\t|\t|\t|\t|\t|\t|\t|\t|\t|\t|\t|\t|\t|\t|\t_Prms {Tuple`3}\n|\t|\t|\t|\t|\t|\t|\t|\t|\t|\t|\t|\t|\t|\t|\t|\t|\t|\t|\t|\t|\t|\t|\t|\t|\t|\t|\t|\t|\t|\t|\t|\t|\tFirst {Func`4}\n|\t|\t|\t|\t|\t|\t|\t|\t|\t|\t|\t|\t|\t|\t|\t|\t|\t|\t|\t|\t|\t|\t|\t|\t|\t|\t|\t|\t|\t|\t|\t|\t|\t|\tTarget=<null>\n|\t|\t|\t|\t|\t|\t|\t|\t|\t|\t|\t|\t|\t|\t|\t|\t|\t|\t|\t|\t|\t|\t|\t|\t|\t|\t|\t|\t|\t|\t|\t|\t|\tSecond {Func`3}\n|\t|\t|\t|\t|\t|\t|\t|\t|\t|\t|\t|\t|\t|\t|\t|\t|\t|\t|\t|\t|\t|\t|\t|\t|\t|\t|\t|\t|\t|\t|\t|\t|\t|\tTarget {ExecutionScope}\n|\t|\t|\t|\t|\t|\t|\t|\t|\t|\t|\t|\t|\t|\t|\t|\t|\t|\t|\t|\t|\t|\t|\t|\t|\t|\t|\t|\t|\t|\t|\t|\t|\t|\t|\tParent {ExecutionScope}\n|\t|\t|\t|\t|\t|\t|\t|\t|\t|\t|\t|\t|\t|\t|\t|\t|\t|\t|\t|\t|\t|\t|\t|\t|\t|\t|\t|\t|\t|\t|\t|\t|\t|\t|\t|\t<duplicate>\n|\t|\t|\t|\t|\t|\t|\t|\t|\t|\t|\t|\t|\t|\t|\t|\t|\t|\t|\t|\t|\t|\t|\t|\t|\t|\t|\t|\t|\t|\t|\t|\t|\t|\t|\tGlobals {Object[]}\n|\t|\t|\t|\t|\t|\t|\t|\t|\t|\t|\t|\t|\t|\t|\t|\t|\t|\t|\t|\t|\t|\t|\t|\t|\t|\t|\t|\t|\t|\t|\t|\t|\t|\t|\t|\t<duplicate>\n|\t|\t|\t|\t|\t|\t|\t|\t|\t|\t|\t|\t|\t|\t|\t|\t|\t|\t|\t|\t|\t|\t|\t|\t|\t|\t|\t|\t|\t|\t|\t|\t|\t|\t|\tLocals=<null>\n|\t|\t|\t|\t|\t|\t|\t|\t|\t|\t|\t|\t|\t|\t|\t|\t|\t|\t|\t|\t|\t|\t|\t|\t|\t|\t|\t|\t|\t|\t|\t|\t|\t|\t|\tLambda {LambdaInfo}\n|\t|\t|\t|\t|\t|\t|\t|\t|\t|\t|\t|\t|\t|\t|\t|\t|\t|\t|\t|\t|\t|\t|\t|\t|\t|\t|\t|\t|\t|\t|\t|\t|\t|\t|\t|\tLambda=(first, generatedDay) => new DateTime(FromDays(Convert(generatedDay)).Ticks)\n|\t|\t|\t|\t|\t|\t|\t|\t|\t|\t|\t|\t|\t|\t|\t|\t|\t|\t|\t|\t|\t|\t|\t|\t|\t|\t|\tSource {CascadeTransformation`2}\n|\t|\t|\t|\t|\t|\t|\t|\t|\t|\t|\t|\t|\t|\t|\t|\t|\t|\t|\t|\t|\t|\t|\t|\t|\t|\t|\t|\t<enumerated results> Count=1\n|\t|\t|\t|\t|\t|\t|\t|\t|\t|\t|\t|\t|\t|\t|\t|\t|\t|\t|\t|\t|\t|\t|\t|\t|\t|\t|\t|\t|\t0=10/7/2009 12:00:00 AM to 10/8/2011 12:00:00 AM\n|\t|\t|\t|\t|\t|\t|\t|\t|\t|\t|\t|\t|\t|\t|\t|\t|\t|\t|\t|\t|\t|\t|\t|\t|\t|\t|\t|\t_Source {AsCollectionNullableTransformation`1}\n|\t|\t|\t|\t|\t|\t|\t|\t|\t|\t|\t|\t|\t|\t|\t|\t|\t|\t|\t|\t|\t|\t|\t|\t|\t|\t|\t|\t|\t<enumerated results> Count=1\n|\t|\t|\t|\t|\t|\t|\t|\t|\t|\t|\t|\t|\t|\t|\t|\t|\t|\t|\t|\t|\t|\t|\t|\t|\t|\t|\t|\t|\t|\t0 {List`1}\n|\t|\t|\t|\t|\t|\t|\t|\t|\t|\t|\t|\t|\t|\t|\t|\t|\t|\t|\t|\t|\t|\t|\t|\t|\t|\t|\t|\t|\t|\t|\t<enumerated results> Count=1\n|\t|\t|\t|\t|\t|\t|\t|\t|\t|\t|\t|\t|\t|\t|\t|\t|\t|\t|\t|\t|\t|\t|\t|\t|\t|\t|\t|\t|\t|\t|\t|\t0=10/7/2009 12:00:00 AM to 10/8/2011 12:00:00 AM\n|\t|\t|\t|\t|\t|\t|\t|\t|\t|\t|\t|\t|\t|\t|\t|\t|\t|\t|\t|\t|\t|\t|\t|\t|\t|\t|\t|\t|\tContentVersion=(sn 0)\n|\t|\t|\t|\t|\t|\t|\t|\t|\t|\t|\t|\t|\t|\t|\t|\t|\t|\t|\t|\t|\t|\t|\t|\t|\t|\t|\t|\t|\t_Prms {Tuple`2}\n|\t|\t|\t|\t|\t|\t|\t|\t|\t|\t|\t|\t|\t|\t|\t|\t|\t|\t|\t|\t|\t|\t|\t|\t|\t|\t|\t|\t|\t|\tFirst {PipelineResultTransformation`3}\n|\t|\t|\t|\t|\t|\t|\t|\t|\t|\t|\t|\t|\t|\t|\t|\t|\t|\t|\t|\t|\t|\t|\t|\t|\t|\t|\t|\t|\t|\t|\tValue {List`1}\n|\t|\t|\t|\t|\t|\t|\t|\t|\t|\t|\t|\t|\t|\t|\t|\t|\t|\t|\t|\t|\t|\t|\t|\t|\t|\t|\t|\t|\t|\t|\t|\t<duplicate>\n|\t|\t|\t|\t|\t|\t|\t|\t|\t|\t|\t|\t|\t|\t|\t|\t|\t|\t|\t|\t|\t|\t|\t|\t|\t|\t|\t|\t|\t|\t|\t_Source {PropertyTransformation`2}\n|\t|\t|\t|\t|\t|\t|\t|\t|\t|\t|\t|\t|\t|\t|\t|\t|\t|\t|\t|\t|\t|\t|\t|\t|\t|\t|\t|\t|\t|\t|\t|\tValue {List`1}\n|\t|\t|\t|\t|\t|\t|\t|\t|\t|\t|\t|\t|\t|\t|\t|\t|\t|\t|\t|\t|\t|\t|\t|\t|\t|\t|\t|\t|\t|\t|\t|\t|\t<duplicate>\n|\t|\t|\t|\t|\t|\t|\t|\t|\t|\t|\t|\t|\t|\t|\t|\t|\t|\t|\t|\t|\t|\t|\t|\t|\t|\t|\t|\t|\t|\t|\t|\t_Prms {Tuple`2}\n|\t|\t|\t|\t|\t|\t|\t|\t|\t|\t|\t|\t|\t|\t|\t|\t|\t|\t|\t|\t|\t|\t|\t|\t|\t|\t|\t|\t|\t|\t|\t|\t|\tFirst {StaticValueProvider`1}\n|\t|\t|\t|\t|\t|\t|\t|\t|\t|\t|\t|\t|\t|\t|\t|\t|\t|\t|\t|\t|\t|\t|\t|\t|\t|\t|\t|\t|\t|\t|\t|\t|\t|\tValue {ConstantExpression}\n|\t|\t|\t|\t|\t|\t|\t|\t|\t|\t|\t|\t|\t|\t|\t|\t|\t|\t|\t|\t|\t|\t|\t|\t|\t|\t|\t|\t|\t|\t|\t|\t|\tSecond {PropertyClass}\n|\t|\t|\t|\t|\t|\t|\t|\t|\t|\t|\t|\t|\t|\t|\t|\t|\t|\t|\t|\t|\t|\t|\t|\t|\t|\t|\t|\t|\t|\t|\t|\t|\t|\t_GetMethod {Func`2}\n|\t|\t|\t|\t|\t|\t|\t|\t|\t|\t|\t|\t|\t|\t|\t|\t|\t|\t|\t|\t|\t|\t|\t|\t|\t|\t|\t|\t|\t|\t|\t|\t|\t|\t|\tTarget {ExecutionScope}\n|\t|\t|\t|\t|\t|\t|\t|\t|\t|\t|\t|\t|\t|\t|\t|\t|\t|\t|\t|\t|\t|\t|\t|\t|\t|\t|\t|\t|\t|\t|\t|\t|\t|\t|\t|\tParent=<null>\n|\t|\t|\t|\t|\t|\t|\t|\t|\t|\t|\t|\t|\t|\t|\t|\t|\t|\t|\t|\t|\t|\t|\t|\t|\t|\t|\t|\t|\t|\t|\t|\t|\t|\t|\t|\tGlobals {Object[]}\n|\t|\t|\t|\t|\t|\t|\t|\t|\t|\t|\t|\t|\t|\t|\t|\t|\t|\t|\t|\t|\t|\t|\t|\t|\t|\t|\t|\t|\t|\t|\t|\t|\t|\t|\t|\t|\t<enumerated results> Count=0\n|\t|\t|\t|\t|\t|\t|\t|\t|\t|\t|\t|\t|\t|\t|\t|\t|\t|\t|\t|\t|\t|\t|\t|\t|\t|\t|\t|\t|\t|\t|\t|\t|\t|\t|\t|\tLocals=<null>\n|\t|\t|\t|\t|\t|\t|\t|\t|\t|\t|\t|\t|\t|\t|\t|\t|\t|\t|\t|\t|\t|\t|\t|\t|\t|\t|\t|\t|\t|\t|\t|\t|\t|\t|\t|\tLambda {LambdaInfo}\n|\t|\t|\t|\t|\t|\t|\t|\t|\t|\t|\t|\t|\t|\t|\t|\t|\t|\t|\t|\t|\t|\t|\t|\t|\t|\t|\t|\t|\t|\t|\t|\t|\t|\t|\t|\t|\tLambda=obj => obj.Values\n|\t|\t|\t|\t|\t|\t|\t|\t|\t|\t|\t|\t|\t|\t|\t|\t|\t|\t|\t|\t|\t|\t|\t|\t|\t|\t|\t|\t|\t|\t|\t_Prms {Tuple`2}\n|\t|\t|\t|\t|\t|\t|\t|\t|\t|\t|\t|\t|\t|\t|\t|\t|\t|\t|\t|\t|\t|\t|\t|\t|\t|\t|\t|\t|\t|\t|\t|\tFirst {Func`2}\n|\t|\t|\t|\t|\t|\t|\t|\t|\t|\t|\t|\t|\t|\t|\t|\t|\t|\t|\t|\t|\t|\t|\t|\t|\t|\t|\t|\t|\t|\t|\t|\t|\tTarget {ExecutionScope}\n|\t|\t|\t|\t|\t|\t|\t|\t|\t|\t|\t|\t|\t|\t|\t|\t|\t|\t|\t|\t|\t|\t|\t|\t|\t|\t|\t|\t|\t|\t|\t|\t|\t|\tParent {ExecutionScope}\n|\t|\t|\t|\t|\t|\t|\t|\t|\t|\t|\t|\t|\t|\t|\t|\t|\t|\t|\t|\t|\t|\t|\t|\t|\t|\t|\t|\t|\t|\t|\t|\t|\t|\t|\tParent=<null>\n|\t|\t|\t|\t|\t|\t|\t|\t|\t|\t|\t|\t|\t|\t|\t|\t|\t|\t|\t|\t|\t|\t|\t|\t|\t|\t|\t|\t|\t|\t|\t|\t|\t|\t|\tGlobals {Object[]}\n|\t|\t|\t|\t|\t|\t|\t|\t|\t|\t|\t|\t|\t|\t|\t|\t|\t|\t|\t|\t|\t|\t|\t|\t|\t|\t|\t|\t|\t|\t|\t|\t|\t|\t|\t|\t<enumerated results> Count=1\n|\t|\t|\t|\t|\t|\t|\t|\t|\t|\t|\t|\t|\t|\t|\t|\t|\t|\t|\t|\t|\t|\t|\t|\t|\t|\t|\t|\t|\t|\t|\t|\t|\t|\t|\t|\t|\t0 {StrongBox`1}\n|\t|\t|\t|\t|\t|\t|\t|\t|\t|\t|\t|\t|\t|\t|\t|\t|\t|\t|\t|\t|\t|\t|\t|\t|\t|\t|\t|\t|\t|\t|\t|\t|\t|\t|\t|\t|\t|\tValue {RuntimePropertyInfo}\n|\t|\t|\t|\t|\t|\t|\t|\t|\t|\t|\t|\t|\t|\t|\t|\t|\t|\t|\t|\t|\t|\t|\t|\t|\t|\t|\t|\t|\t|\t|\t|\t|\t|\t|\tLocals=<null>\n|\t|\t|\t|\t|\t|\t|\t|\t|\t|\t|\t|\t|\t|\t|\t|\t|\t|\t|\t|\t|\t|\t|\t|\t|\t|\t|\t|\t|\t|\t|\t|\t|\t|\t|\tLambda {LambdaInfo}\n|\t|\t|\t|\t|\t|\t|\t|\t|\t|\t|\t|\t|\t|\t|\t|\t|\t|\t|\t|\t|\t|\t|\t|\t|\t|\t|\t|\t|\t|\t|\t|\t|\t|\t|\t|\tLambda=_source => Cacher1(source => Property(source, System.Collections.Generic.IEnumerable`1[CompasBiz.Scheduling.ScheduleDateRange] Values), _source)\n|\t|\t|\t|\t|\t|\t|\t|\t|\t|\t|\t|\t|\t|\t|\t|\t|\t|\t|\t|\t|\t|\t|\t|\t|\t|\t|\t|\t|\t|\t|\t|\t|\t|\tGlobals {Object[]}\n|\t|\t|\t|\t|\t|\t|\t|\t|\t|\t|\t|\t|\t|\t|\t|\t|\t|\t|\t|\t|\t|\t|\t|\t|\t|\t|\t|\t|\t|\t|\t|\t|\t|\t|\t<duplicate>\n|\t|\t|\t|\t|\t|\t|\t|\t|\t|\t|\t|\t|\t|\t|\t|\t|\t|\t|\t|\t|\t|\t|\t|\t|\t|\t|\t|\t|\t|\t|\t|\t|\t|\tLocals=<null>\n|\t|\t|\t|\t|\t|\t|\t|\t|\t|\t|\t|\t|\t|\t|\t|\t|\t|\t|\t|\t|\t|\t|\t|\t|\t|\t|\t|\t|\t|\t|\t|\t|\t|\tLambda {LambdaInfo}\n|\t|\t|\t|\t|\t|\t|\t|\t|\t|\t|\t|\t|\t|\t|\t|\t|\t|\t|\t|\t|\t|\t|\t|\t|\t|\t|\t|\t|\t|\t|\t|\t|\t|\t|\tLambda=source => Property(source, System.Collections.Generic.IEnumerable`1[CompasBiz.Scheduling.ScheduleDateRange] Values)\n|\t|\t|\t|\t|\t|\t|\t|\t|\t|\t|\t|\t|\t|\t|\t|\t|\t|\t|\t|\t|\t|\t|\t|\t|\t|\t|\t|\t|\t|\t|\t|\tSecond {ConstantExpression}\n|\t|\t|\t|\t|\t|\t|\t|\t|\t|\t|\t|\t|\t|\t|\t|\t|\t|\t|\t|\t|\t|\t|\t|\t|\t|\t|\t|\t|\t|\t|\t|\t|\t<duplicate>\n|\t|\t|\t|\t|\t|\t|\t|\t|\t|\t|\t|\t|\t|\t|\t|\t|\t|\t|\t|\t|\t|\t|\t|\t|\t|\t|\t|\t|\t|\tSecond {Func`2}\n|\t|\t|\t|\t|\t|\t|\t|\t|\t|\t|\t|\t|\t|\t|\t|\t|\t|\t|\t|\t|\t|\t|\t|\t|\t|\t|\t|\t|\t|\t|\tTarget=<null>\n|\t|\t|\t|\t|\t|\t|\t|\t|\t|\t|\t|\t|\t|\t|\t|\t|\t|\t|\t|\t|\t|\t|\t|\t|\t|\t|\t|\tContentVersion=(sn 1)\n|\t|\t|\t|\t|\t|\t|\t|\t|\t|\t|\t|\t|\t|\t|\t|\t|\t|\t|\t|\t|\t|\t|\t|\t|\t|\t|\t|\t_Prms {AsCollectionNullableTransformation`1}\n|\t|\t|\t|\t|\t|\t|\t|\t|\t|\t|\t|\t|\t|\t|\t|\t|\t|\t|\t|\t|\t|\t|\t|\t|\t|\t|\t|\t|\t<duplicate>\n|\t|\t|\t|\t|\t|\t|\t|\t|\t|\t|\t|\t|\t|\t|\t|\t|\t|\t|\t|\t|\t|\t|\t|\t|\t|\t|\tSource {CascadeTransformation`2}\n|\t|\t|\t|\t|\t|\t|\t|\t|\t|\t|\t|\t|\t|\t|\t|\t|\t|\t|\t|\t|\t|\t|\t|\t|\t|\t|\t|\t<duplicate>\n|\t|\t|\t|\t|\t|\t|\t|\t|\t|\t|\t|\t|\t|\t|\t|\t|\t|\t|\t|\t|\t|\t|\t|\t|\t|\t|\tContentVersion=(sn 1)\n|\t|\t|\t|\t|\t|\t|\t|\t|\t|\t|\t|\t|\t|\t|\t|\t|\t|\t|\t|\t|\t|\t|\t|\t|\t|\t|\t_Prms {Tuple`2}\n|\t|\t|\t|\t|\t|\t|\t|\t|\t|\t|\t|\t|\t|\t|\t|\t|\t|\t|\t|\t|\t|\t|\t|\t|\t|\t|\t|\tFirst {CascadeTransformation`2}\n|\t|\t|\t|\t|\t|\t|\t|\t|\t|\t|\t|\t|\t|\t|\t|\t|\t|\t|\t|\t|\t|\t|\t|\t|\t|\t|\t|\t|\t<duplicate>\n|\t|\t|\t|\t|\t|\t|\t|\t|\t|\t|\t|\t|\t|\t|\t|\t|\t|\t|\t|\t|\t|\t|\t|\t|\t|\t|\t|\tSecond {Func`2}\n|\t|\t|\t|\t|\t|\t|\t|\t|\t|\t|\t|\t|\t|\t|\t|\t|\t|\t|\t|\t|\t|\t|\t|\t|\t|\t|\t|\t|\tTarget {FuncExtenderC`4}\n|\t|\t|\t|\t|\t|\t|\t|\t|\t|\t|\t|\t|\t|\t|\t|\t|\t|\t|\t|\t|\t|\t|\t|\t|\t|\t|\t|\t|\t|\t_Prms {Tuple`3}\n|\t|\t|\t|\t|\t|\t|\t|\t|\t|\t|\t|\t|\t|\t|\t|\t|\t|\t|\t|\t|\t|\t|\t|\t|\t|\t|\t|\t|\t|\t|\tFirst {Func`4}\n|\t|\t|\t|\t|\t|\t|\t|\t|\t|\t|\t|\t|\t|\t|\t|\t|\t|\t|\t|\t|\t|\t|\t|\t|\t|\t|\t|\t|\t|\t|\t|\tTarget=<null>\n|\t|\t|\t|\t|\t|\t|\t|\t|\t|\t|\t|\t|\t|\t|\t|\t|\t|\t|\t|\t|\t|\t|\t|\t|\t|\t|\t|\t|\t|\t|\tSecond {Func`2}\n|\t|\t|\t|\t|\t|\t|\t|\t|\t|\t|\t|\t|\t|\t|\t|\t|\t|\t|\t|\t|\t|\t|\t|\t|\t|\t|\t|\t|\t|\t|\t|\tTarget {ExecutionScope}\n|\t|\t|\t|\t|\t|\t|\t|\t|\t|\t|\t|\t|\t|\t|\t|\t|\t|\t|\t|\t|\t|\t|\t|\t|\t|\t|\t|\t|\t|\t|\t|\t|\t<duplicate>\n|\t|\t|\t|\t|\t|\t|\t|\t|\t|\t|\t|\t|\t|\t|\t|\t|\t|\t|\t|\t|\t|\t|\t|\t|\t|\tContentVersion=(sn 1)\n|\t|\t|\t|\t|\t|\t|\t|\t|\t|\t|\t|\t|\t|\t|\t|\t|\t|\t|\t|\t|\t|\t|\t|\t|\t|\t_Prms {ConvertTransformation`2}\n|\t|\t|\t|\t|\t|\t|\t|\t|\t|\t|\t|\t|\t|\t|\t|\t|\t|\t|\t|\t|\t|\t|\t|\t|\t|\t|\t<duplicate>\n|\t|\t|\t|\t|\t|\t|\t|\t|\t|\t|\t|\t|\t|\t|\t|\t|\t|\t|\t|\t|\t|\t|\t|\tContentVersion=(sn 0)\n|\t|\t|\t|\t|\t|\t|\t|\t|\t|\t|\t|\t|\t|\t|\t|\t|\t|\t|\t|\t|\t|\t|\t|\t_Prms {Tuple`2}\n|\t|\t|\t|\t|\t|\t|\t|\t|\t|\t|\t|\t|\t|\t|\t|\t|\t|\t|\t|\t|\t|\t|\t|\t|\tFirst {PipelineResultTransformation`3}\n|\t|\t|\t|\t|\t|\t|\t|\t|\t|\t|\t|\t|\t|\t|\t|\t|\t|\t|\t|\t|\t|\t|\t|\t|\t|\tValue {CascadeTransformation`2}\n|\t|\t|\t|\t|\t|\t|\t|\t|\t|\t|\t|\t|\t|\t|\t|\t|\t|\t|\t|\t|\t|\t|\t|\t|\t|\t|\t<duplicate>\n|\t|\t|\t|\t|\t|\t|\t|\t|\t|\t|\t|\t|\t|\t|\t|\t|\t|\t|\t|\t|\t|\t|\t|\t|\t|\t_Source {UnarySelectTransformation`2}\n|\t|\t|\t|\t|\t|\t|\t|\t|\t|\t|\t|\t|\t|\t|\t|\t|\t|\t|\t|\t|\t|\t|\t|\t|\t|\t|\tValue {CascadeTransformation`2}\n|\t|\t|\t|\t|\t|\t|\t|\t|\t|\t|\t|\t|\t|\t|\t|\t|\t|\t|\t|\t|\t|\t|\t|\t|\t|\t|\t|\t<duplicate>\n|\t|\t|\t|\t|\t|\t|\t|\t|\t|\t|\t|\t|\t|\t|\t|\t|\t|\t|\t|\t|\t|\t|\t|\t|\t|\t|\t_Prms {Tuple`2}\n|\t|\t|\t|\t|\t|\t|\t|\t|\t|\t|\t|\t|\t|\t|\t|\t|\t|\t|\t|\t|\t|\t|\t|\t|\t|\t|\t|\tFirst {PropertyTransformation`2}\n|\t|\t|\t|\t|\t|\t|\t|\t|\t|\t|\t|\t|\t|\t|\t|\t|\t|\t|\t|\t|\t|\t|\t|\t|\t|\t|\t|\t|\tValue {CascadeTransformation`2}\n|\t|\t|\t|\t|\t|\t|\t|\t|\t|\t|\t|\t|\t|\t|\t|\t|\t|\t|\t|\t|\t|\t|\t|\t|\t|\t|\t|\t|\t|\t<duplicate>\n|\t|\t|\t|\t|\t|\t|\t|\t|\t|\t|\t|\t|\t|\t|\t|\t|\t|\t|\t|\t|\t|\t|\t|\t|\t|\t|\t|\t|\t_Prms {Tuple`2}\n|\t|\t|\t|\t|\t|\t|\t|\t|\t|\t|\t|\t|\t|\t|\t|\t|\t|\t|\t|\t|\t|\t|\t|\t|\t|\t|\t|\t|\t|\tFirst {PropertyTransformation`2}\n|\t|\t|\t|\t|\t|\t|\t|\t|\t|\t|\t|\t|\t|\t|\t|\t|\t|\t|\t|\t|\t|\t|\t|\t|\t|\t|\t|\t|\t|\t|\tValue {ConstantExpression}\n|\t|\t|\t|\t|\t|\t|\t|\t|\t|\t|\t|\t|\t|\t|\t|\t|\t|\t|\t|\t|\t|\t|\t|\t|\t|\t|\t|\t|\t|\t|\t|\t<duplicate>\n|\t|\t|\t|\t|\t|\t|\t|\t|\t|\t|\t|\t|\t|\t|\t|\t|\t|\t|\t|\t|\t|\t|\t|\t|\t|\t|\t|\t|\t|\t|\t_Prms {Tuple`2}\n|\t|\t|\t|\t|\t|\t|\t|\t|\t|\t|\t|\t|\t|\t|\t|\t|\t|\t|\t|\t|\t|\t|\t|\t|\t|\t|\t|\t|\t|\t|\t|\tFirst {StaticValueProvider`1}\n|\t|\t|\t|\t|\t|\t|\t|\t|\t|\t|\t|\t|\t|\t|\t|\t|\t|\t|\t|\t|\t|\t|\t|\t|\t|\t|\t|\t|\t|\t|\t|\t|\tValue {GeneratorExpression}\n|\t|\t|\t|\t|\t|\t|\t|\t|\t|\t|\t|\t|\t|\t|\t|\t|\t|\t|\t|\t|\t|\t|\t|\t|\t|\t|\t|\t|\t|\t|\t|\tSecond {PropertyClass}\n|\t|\t|\t|\t|\t|\t|\t|\t|\t|\t|\t|\t|\t|\t|\t|\t|\t|\t|\t|\t|\t|\t|\t|\t|\t|\t|\t|\t|\t|\t|\t|\t|\t_GetMethod {Func`2}\n|\t|\t|\t|\t|\t|\t|\t|\t|\t|\t|\t|\t|\t|\t|\t|\t|\t|\t|\t|\t|\t|\t|\t|\t|\t|\t|\t|\t|\t|\t|\t|\t|\t|\tTarget {ExecutionScope}\n|\t|\t|\t|\t|\t|\t|\t|\t|\t|\t|\t|\t|\t|\t|\t|\t|\t|\t|\t|\t|\t|\t|\t|\t|\t|\t|\t|\t|\t|\t|\t|\t|\t|\t|\tParent=<null>\n|\t|\t|\t|\t|\t|\t|\t|\t|\t|\t|\t|\t|\t|\t|\t|\t|\t|\t|\t|\t|\t|\t|\t|\t|\t|\t|\t|\t|\t|\t|\t|\t|\t|\t|\tGlobals {Object[]}\n|\t|\t|\t|\t|\t|\t|\t|\t|\t|\t|\t|\t|\t|\t|\t|\t|\t|\t|\t|\t|\t|\t|\t|\t|\t|\t|\t|\t|\t|\t|\t|\t|\t|\t|\t|\t<enumerated results> Count=0\n|\t|\t|\t|\t|\t|\t|\t|\t|\t|\t|\t|\t|\t|\t|\t|\t|\t|\t|\t|\t|\t|\t|\t|\t|\t|\t|\t|\t|\t|\t|\t|\t|\t|\t|\tLocals=<null>\n|\t|\t|\t|\t|\t|\t|\t|\t|\t|\t|\t|\t|\t|\t|\t|\t|\t|\t|\t|\t|\t|\t|\t|\t|\t|\t|\t|\t|\t|\t|\t|\t|\t|\t|\tLambda {LambdaInfo}\n|\t|\t|\t|\t|\t|\t|\t|\t|\t|\t|\t|\t|\t|\t|\t|\t|\t|\t|\t|\t|\t|\t|\t|\t|\t|\t|\t|\t|\t|\t|\t|\t|\t|\t|\t|\tLambda=obj => obj.Argument\n|\t|\t|\t|\t|\t|\t|\t|\t|\t|\t|\t|\t|\t|\t|\t|\t|\t|\t|\t|\t|\t|\t|\t|\t|\t|\t|\t|\t|\t|\tSecond {PropertyClass}\n|\t|\t|\t|\t|\t|\t|\t|\t|\t|\t|\t|\t|\t|\t|\t|\t|\t|\t|\t|\t|\t|\t|\t|\t|\t|\t|\t|\t|\t|\t|\t_GetMethod {Func`2}\n|\t|\t|\t|\t|\t|\t|\t|\t|\t|\t|\t|\t|\t|\t|\t|\t|\t|\t|\t|\t|\t|\t|\t|\t|\t|\t|\t|\t|\t|\t|\t|\tTarget {ExecutionScope}\n|\t|\t|\t|\t|\t|\t|\t|\t|\t|\t|\t|\t|\t|\t|\t|\t|\t|\t|\t|\t|\t|\t|\t|\t|\t|\t|\t|\t|\t|\t|\t|\t|\tParent=<null>\n|\t|\t|\t|\t|\t|\t|\t|\t|\t|\t|\t|\t|\t|\t|\t|\t|\t|\t|\t|\t|\t|\t|\t|\t|\t|\t|\t|\t|\t|\t|\t|\t|\tGlobals {Object[]}\n|\t|\t|\t|\t|\t|\t|\t|\t|\t|\t|\t|\t|\t|\t|\t|\t|\t|\t|\t|\t|\t|\t|\t|\t|\t|\t|\t|\t|\t|\t|\t|\t|\t|\t<enumerated results> Count=0\n|\t|\t|\t|\t|\t|\t|\t|\t|\t|\t|\t|\t|\t|\t|\t|\t|\t|\t|\t|\t|\t|\t|\t|\t|\t|\t|\t|\t|\t|\t|\t|\t|\tLocals=<null>\n|\t|\t|\t|\t|\t|\t|\t|\t|\t|\t|\t|\t|\t|\t|\t|\t|\t|\t|\t|\t|\t|\t|\t|\t|\t|\t|\t|\t|\t|\t|\t|\t|\tLambda {LambdaInfo}\n|\t|\t|\t|\t|\t|\t|\t|\t|\t|\t|\t|\t|\t|\t|\t|\t|\t|\t|\t|\t|\t|\t|\t|\t|\t|\t|\t|\t|\t|\t|\t|\t|\t|\tLambda=obj => obj.Result\n|\t|\t|\t|\t|\t|\t|\t|\t|\t|\t|\t|\t|\t|\t|\t|\t|\t|\t|\t|\t|\t|\t|\t|\t|\t|\t|\t|\tSecond {Func`2}\n|\t|\t|\t|\t|\t|\t|\t|\t|\t|\t|\t|\t|\t|\t|\t|\t|\t|\t|\t|\t|\t|\t|\t|\t|\t|\t|\t|\t|\tTarget {ExecutionScope}\n|\t|\t|\t|\t|\t|\t|\t|\t|\t|\t|\t|\t|\t|\t|\t|\t|\t|\t|\t|\t|\t|\t|\t|\t|\t|\t|\t|\t|\t|\t<duplicate>\n|\t|\t|\t|\t|\t|\t|\t|\t|\t|\t|\t|\t|\t|\t|\t|\t|\t|\t|\t|\t|\t|\t|\t|\t|\t|\t_Prms {Tuple`2}\n|\t|\t|\t|\t|\t|\t|\t|\t|\t|\t|\t|\t|\t|\t|\t|\t|\t|\t|\t|\t|\t|\t|\t|\t|\t|\t|\tFirst {Func`2}\n|\t|\t|\t|\t|\t|\t|\t|\t|\t|\t|\t|\t|\t|\t|\t|\t|\t|\t|\t|\t|\t|\t|\t|\t|\t|\t|\t|\tTarget {ExecutionScope}\n|\t|\t|\t|\t|\t|\t|\t|\t|\t|\t|\t|\t|\t|\t|\t|\t|\t|\t|\t|\t|\t|\t|\t|\t|\t|\t|\t|\t|\t<duplicate>\n|\t|\t|\t|\t|\t|\t|\t|\t|\t|\t|\t|\t|\t|\t|\t|\t|\t|\t|\t|\t|\t|\t|\t|\t|\t|\t|\tSecond {GeneratorExpression}\n|\t|\t|\t|\t|\t|\t|\t|\t|\t|\t|\t|\t|\t|\t|\t|\t|\t|\t|\t|\t|\t|\t|\t|\t|\t|\t|\t|\t<duplicate>\n|\t|\t|\t|\t|\t|\t|\t|\t|\t|\t|\t|\t|\t|\t|\t|\t|\t|\t|\t|\t|\t|\t|\t|\t|\tSecond {Func`2}\n|\t|\t|\t|\t|\t|\t|\t|\t|\t|\t|\t|\t|\t|\t|\t|\t|\t|\t|\t|\t|\t|\t|\t|\t|\t|\tTarget=<null>\n|\t|\t|\t|\t|\t|\t|\t|\t|\t|\t|\t|\t|\t|\t|\t|\t|\t|\t|\t|\t|\t|\t|\tContentVersion=(sn 1)\n|\t|\t|\t|\t|\t|\t|\t|\t|\t|\t|\t|\t|\t|\t|\t|\t|\t|\t|\t|\t|\t|\t|\t_Prms {AsCollectionNullableTransformation`1}\n|\t|\t|\t|\t|\t|\t|\t|\t|\t|\t|\t|\t|\t|\t|\t|\t|\t|\t|\t|\t|\t|\t|\t|\t<duplicate>\n|\t|\t|\t|\t|\t|\t|\t|\t|\t|\t|\t|\t|\t|\t|\t|\t|\t|\t|\t|\t|\t|\tSource {CascadeTransformation`2}\n|\t|\t|\t|\t|\t|\t|\t|\t|\t|\t|\t|\t|\t|\t|\t|\t|\t|\t|\t|\t|\t|\t|\t<duplicate>\n|\t|\t|\t|\t|\t|\t|\t|\t|\t|\t|\t|\t|\t|\t|\t|\t|\t|\t|\t|\t|\t|\tContentVersion=(sn 1)\n|\t|\t|\t|\t|\t|\t|\t|\t|\t|\t|\t|\t|\t|\t|\t|\t|\t|\t|\t|\t|\t|\t_Prms {Tuple`2}\n|\t|\t|\t|\t|\t|\t|\t|\t|\t|\t|\t|\t|\t|\t|\t|\t|\t|\t|\t|\t|\t|\t|\tFirst {CascadeTransformation`2}\n|\t|\t|\t|\t|\t|\t|\t|\t|\t|\t|\t|\t|\t|\t|\t|\t|\t|\t|\t|\t|\t|\t|\t|\t<duplicate>\n|\t|\t|\t|\t|\t|\t|\t|\t|\t|\t|\t|\t|\t|\t|\t|\t|\t|\t|\t|\t|\t|\t|\tSecond {Func`2}\n|\t|\t|\t|\t|\t|\t|\t|\t|\t|\t|\t|\t|\t|\t|\t|\t|\t|\t|\t|\t|\t|\t|\t|\tTarget {ExecutionScope}\n|\t|\t|\t|\t|\t|\t|\t|\t|\t|\t|\t|\t|\t|\t|\t|\t|\t|\t|\t|\t|\t|\t|\t|\t|\tParent {ExecutionScope}\n|\t|\t|\t|\t|\t|\t|\t|\t|\t|\t|\t|\t|\t|\t|\t|\t|\t|\t|\t|\t|\t|\t|\t|\t|\t|\tParent {ExecutionScope}\n|\t|\t|\t|\t|\t|\t|\t|\t|\t|\t|\t|\t|\t|\t|\t|\t|\t|\t|\t|\t|\t|\t|\t|\t|\t|\t|\tParent=<null>\n|\t|\t|\t|\t|\t|\t|\t|\t|\t|\t|\t|\t|\t|\t|\t|\t|\t|\t|\t|\t|\t|\t|\t|\t|\t|\t|\tGlobals {Object[]}\n|\t|\t|\t|\t|\t|\t|\t|\t|\t|\t|\t|\t|\t|\t|\t|\t|\t|\t|\t|\t|\t|\t|\t|\t|\t|\t|\t|\t<enumerated results> Count=0\n|\t|\t|\t|\t|\t|\t|\t|\t|\t|\t|\t|\t|\t|\t|\t|\t|\t|\t|\t|\t|\t|\t|\t|\t|\t|\t|\tLocals=<null>\n|\t|\t|\t|\t|\t|\t|\t|\t|\t|\t|\t|\t|\t|\t|\t|\t|\t|\t|\t|\t|\t|\t|\t|\t|\t|\t|\tLambda {LambdaInfo}\n|\t|\t|\t|\t|\t|\t|\t|\t|\t|\t|\t|\t|\t|\t|\t|\t|\t|\t|\t|\t|\t|\t|\t|\t|\t|\t|\t|\tLambda=_source => Cacher1(source => Static(source.Select(generatedDate => new ScheduleDateRange(generatedDate, generatedDate.AddDays(1)))), _source)\n|\t|\t|\t|\t|\t|\t|\t|\t|\t|\t|\t|\t|\t|\t|\t|\t|\t|\t|\t|\t|\t|\t|\t|\t|\t|\tGlobals {Object[]}\n|\t|\t|\t|\t|\t|\t|\t|\t|\t|\t|\t|\t|\t|\t|\t|\t|\t|\t|\t|\t|\t|\t|\t|\t|\t|\t|\t<duplicate>\n|\t|\t|\t|\t|\t|\t|\t|\t|\t|\t|\t|\t|\t|\t|\t|\t|\t|\t|\t|\t|\t|\t|\t|\t|\t|\tLocals=<null>\n|\t|\t|\t|\t|\t|\t|\t|\t|\t|\t|\t|\t|\t|\t|\t|\t|\t|\t|\t|\t|\t|\t|\t|\t|\t|\tLambda {LambdaInfo}\n|\t|\t|\t|\t|\t|\t|\t|\t|\t|\t|\t|\t|\t|\t|\t|\t|\t|\t|\t|\t|\t|\t|\t|\t|\t|\t|\tLambda=source => Static(source.Select(generatedDate => new ScheduleDateRange(generatedDate, generatedDate.AddDays(1))))\n|\t|\t|\t|\t|\t|\t|\t|\t|\t|\t|\t|\t|\t|\t|\t|\t|\t|\t|\t|\t|\t|\t|\t|\t|\tGlobals {Object[]}\n|\t|\t|\t|\t|\t|\t|\t|\t|\t|\t|\t|\t|\t|\t|\t|\t|\t|\t|\t|\t|\t|\t|\t|\t|\t|\t<duplicate>\n|\t|\t|\t|\t|\t|\t|\t|\t|\t|\t|\t|\t|\t|\t|\t|\t|\t|\t|\t|\t|\t|\t|\t|\t|\tLocals=<null>\n|\t|\t|\t|\t|\t|\t|\t|\t|\t|\t|\t|\t|\t|\t|\t|\t|\t|\t|\t|\t|\t|\t|\t|\t|\tLambda {LambdaInfo}\n|\t|\t|\t|\t|\t|\t|\t|\t|\t|\t|\t|\t|\t|\t|\t|\t|\t|\t|\t|\t|\t|\t|\t|\t|\t|\tLambda=generatedDate => new ScheduleDateRange(generatedDate, generatedDate.AddDays(1))\n|\t|\t|\t|\t|\t|\t|\t|\t|\t|\t|\t|\t|\t|\t|\t|\t|\t|\t|\t|\tContentVersion=(sn 0)\n|\t|\t|\t|\t|\t|\t|\t|\t|\t|\t|\t|\t|\t|\t|\t|\t|\t|\t|\t|\t_Prms {Tuple`2}\n|\t|\t|\t|\t|\t|\t|\t|\t|\t|\t|\t|\t|\t|\t|\t|\t|\t|\t|\t|\t|\tFirst {PipelineResultTransformation`3}\n|\t|\t|\t|\t|\t|\t|\t|\t|\t|\t|\t|\t|\t|\t|\t|\t|\t|\t|\t|\t|\t|\tValue {ConvertTransformation`2}\n|\t|\t|\t|\t|\t|\t|\t|\t|\t|\t|\t|\t|\t|\t|\t|\t|\t|\t|\t|\t|\t|\t|\t<duplicate>\n|\t|\t|\t|\t|\t|\t|\t|\t|\t|\t|\t|\t|\t|\t|\t|\t|\t|\t|\t|\t|\t|\t_Source {StaticValueProvider`1}\n|\t|\t|\t|\t|\t|\t|\t|\t|\t|\t|\t|\t|\t|\t|\t|\t|\t|\t|\t|\t|\t|\t|\tValue {ConvertTransformation`2}\n|\t|\t|\t|\t|\t|\t|\t|\t|\t|\t|\t|\t|\t|\t|\t|\t|\t|\t|\t|\t|\t|\t|\t|\t<duplicate>\n|\t|\t|\t|\t|\t|\t|\t|\t|\t|\t|\t|\t|\t|\t|\t|\t|\t|\t|\t|\t|\t|\t_Prms {Tuple`2}\n|\t|\t|\t|\t|\t|\t|\t|\t|\t|\t|\t|\t|\t|\t|\t|\t|\t|\t|\t|\t|\t|\t|\tFirst {Func`2}\n|\t|\t|\t|\t|\t|\t|\t|\t|\t|\t|\t|\t|\t|\t|\t|\t|\t|\t|\t|\t|\t|\t|\t|\tTarget {ExecutionScope}\n|\t|\t|\t|\t|\t|\t|\t|\t|\t|\t|\t|\t|\t|\t|\t|\t|\t|\t|\t|\t|\t|\t|\t|\t|\t<duplicate>\n|\t|\t|\t|\t|\t|\t|\t|\t|\t|\t|\t|\t|\t|\t|\t|\t|\t|\t|\t|\t|\t|\t|\tSecond {CascadeTransformation`2}\n|\t|\t|\t|\t|\t|\t|\t|\t|\t|\t|\t|\t|\t|\t|\t|\t|\t|\t|\t|\t|\t|\t|\t|\t<duplicate>\n|\t|\t|\t|\t|\t|\t|\t|\t|\t|\t|\t|\t|\t|\t|\t|\t|\t|\t|\t|\t|\tSecond {Func`2}\n|\t|\t|\t|\t|\t|\t|\t|\t|\t|\t|\t|\t|\t|\t|\t|\t|\t|\t|\t|\t|\t|\t<duplicate>\n|\t|\t|\t|\t|\t|\t|\t|\t|\t|\t|\t|\t|\t|\t|\t|\t|\t|\t|\tContentVersion=(sn 1)\n|\t|\t|\t|\t|\t|\t|\t|\t|\t|\t|\t|\t|\t|\t|\t|\t|\t|\t|\t_Prms {AsCollectionNullableTransformation`1}\n|\t|\t|\t|\t|\t|\t|\t|\t|\t|\t|\t|\t|\t|\t|\t|\t|\t|\t|\t|\t<duplicate>\n|\t|\t|\t|\t|\t|\t|\t|\t|\t|\t|\t|\t|\t|\t|\t|\t|\t|\tSource {CascadeTransformation`2}\n|\t|\t|\t|\t|\t|\t|\t|\t|\t|\t|\t|\t|\t|\t|\t|\t|\t|\t|\t<duplicate>\n|\t|\t|\t|\t|\t|\t|\t|\t|\t|\t|\t|\t|\t|\t|\t|\t|\t|\tContentVersion=(sn 1)\n|\t|\t|\t|\t|\t|\t|\t|\t|\t|\t|\t|\t|\t|\t|\t|\t|\t|\t_Prms {Tuple`2}\n|\t|\t|\t|\t|\t|\t|\t|\t|\t|\t|\t|\t|\t|\t|\t|\t|\t|\t|\tFirst {CascadeTransformation`2}\n|\t|\t|\t|\t|\t|\t|\t|\t|\t|\t|\t|\t|\t|\t|\t|\t|\t|\t|\t|\t<duplicate>\n|\t|\t|\t|\t|\t|\t|\t|\t|\t|\t|\t|\t|\t|\t|\t|\t|\t|\t|\tSecond {Func`2}\n|\t|\t|\t|\t|\t|\t|\t|\t|\t|\t|\t|\t|\t|\t|\t|\t|\t|\t|\t|\tTarget {FuncExtenderC`4}\n|\t|\t|\t|\t|\t|\t|\t|\t|\t|\t|\t|\t|\t|\t|\t|\t|\t|\t|\t|\t|\t_Prms {Tuple`3}\n|\t|\t|\t|\t|\t|\t|\t|\t|\t|\t|\t|\t|\t|\t|\t|\t|\t|\t|\t|\t|\t|\tFirst {Func`4}\n|\t|\t|\t|\t|\t|\t|\t|\t|\t|\t|\t|\t|\t|\t|\t|\t|\t|\t|\t|\t|\t|\t|\tTarget=<null>\n|\t|\t|\t|\t|\t|\t|\t|\t|\t|\t|\t|\t|\t|\t|\t|\t|\t|\t|\t|\t|\t|\tSecond {Func`3}\n|\t|\t|\t|\t|\t|\t|\t|\t|\t|\t|\t|\t|\t|\t|\t|\t|\t|\t|\t|\t|\t|\t|\tTarget {ExecutionScope}\n|\t|\t|\t|\t|\t|\t|\t|\t|\t|\t|\t|\t|\t|\t|\t|\t|\t|\t|\t|\t|\t|\t|\t|\tParent {ExecutionScope}\n|\t|\t|\t|\t|\t|\t|\t|\t|\t|\t|\t|\t|\t|\t|\t|\t|\t|\t|\t|\t|\t|\t|\t|\t|\tParent {ExecutionScope}\n|\t|\t|\t|\t|\t|\t|\t|\t|\t|\t|\t|\t|\t|\t|\t|\t|\t|\t|\t|\t|\t|\t|\t|\t|\t|\tParent {ExecutionScope}\n|\t|\t|\t|\t|\t|\t|\t|\t|\t|\t|\t|\t|\t|\t|\t|\t|\t|\t|\t|\t|\t|\t|\t|\t|\t|\t|\tParent=<null>\n|\t|\t|\t|\t|\t|\t|\t|\t|\t|\t|\t|\t|\t|\t|\t|\t|\t|\t|\t|\t|\t|\t|\t|\t|\t|\t|\tGlobals {Object[]}\n|\t|\t|\t|\t|\t|\t|\t|\t|\t|\t|\t|\t|\t|\t|\t|\t|\t|\t|\t|\t|\t|\t|\t|\t|\t|\t|\t|\t<enumerated results> Count=5\n|\t|\t|\t|\t|\t|\t|\t|\t|\t|\t|\t|\t|\t|\t|\t|\t|\t|\t|\t|\t|\t|\t|\t|\t|\t|\t|\t|\t|\t0 {StrongBox`1}\n|\t|\t|\t|\t|\t|\t|\t|\t|\t|\t|\t|\t|\t|\t|\t|\t|\t|\t|\t|\t|\t|\t|\t|\t|\t|\t|\t|\t|\t|\tValue {RuntimePropertyInfo}\n|\t|\t|\t|\t|\t|\t|\t|\t|\t|\t|\t|\t|\t|\t|\t|\t|\t|\t|\t|\t|\t|\t|\t|\t|\t|\t|\t|\t|\t|\t|\t<duplicate>\n|\t|\t|\t|\t|\t|\t|\t|\t|\t|\t|\t|\t|\t|\t|\t|\t|\t|\t|\t|\t|\t|\t|\t|\t|\t|\t|\t|\t|\t...\n|\t|\t|\t|\t|\t|\t|\t|\t|\t|\t|\t|\t|\t|\t|\t|\t|\t|\t|\t|\t|\t|\t|\t|\t|\t|\t|\t|\t|\t4 {StrongBox`1}\n|\t|\t|\t|\t|\t|\t|\t|\t|\t|\t|\t|\t|\t|\t|\t|\t|\t|\t|\t|\t|\t|\t|\t|\t|\t|\t|\t|\t|\t|\tValue {RuntimePropertyInfo}\n|\t|\t|\t|\t|\t|\t|\t|\t|\t|\t|\t|\t|\t|\t|\t|\t|\t|\t|\t|\t|\t|\t|\t|\t|\t|\t|\tLocals=<null>\n|\t|\t|\t|\t|\t|\t|\t|\t|\t|\t|\t|\t|\t|\t|\t|\t|\t|\t|\t|\t|\t|\t|\t|\t|\t|\t|\tLambda {LambdaInfo}\n|\t|\t|\t|\t|\t|\t|\t|\t|\t|\t|\t|\t|\t|\t|\t|\t|\t|\t|\t|\t|\t|\t|\t|\t|\t|\t|\t|\tLambda=(_owner, _source) => Cacher2((owner, source) => Property(owner, CompasBiz.DateSeries.IExpressionWithListResult`1[CompasBiz.Scheduling.ScheduleDateRange] Argument).Property(System.Collections.Generic.IEnumerable`1[CompasBiz.Scheduling.ScheduleDateRange] Result).Select(_1 => _1.SelectMany(first => source, (first, generatedRange) => new VB$AnonymousType_0`2(first = first, generatedRange = generatedRange)).GroupBy($VB$It => Property(SafeCall($VB$It, _0 => _0.generatedRange), System.DateTime Start).Select(Property(SafeCall($VB$It, _2 => _2.first), System.DateTime Start), Property(SafeCall($VB$It, _5 => _5.first), System.DateTime End), (_1, _3, _6) => ((_1 >= _3) And (_1 < _6))), $VB$It => SafeCall($VB$It, _0 => _0.generatedRange), (generatedRangeKey, $VB$Group) => new VB$AnonymousType_1`2(generatedRangeKey = generatedRangeKey, theGroup = $VB$Group)).Select($VB$It => SafeCall($VB$It, _0 => _0.theGroup))), _owner, _source)\n|\t|\t|\t|\t|\t|\t|\t|\t|\t|\t|\t|\t|\t|\t|\t|\t|\t|\t|\t|\t|\t|\t|\t|\t|\t|\tGlobals {Object[]}\n|\t|\t|\t|\t|\t|\t|\t|\t|\t|\t|\t|\t|\t|\t|\t|\t|\t|\t|\t|\t|\t|\t|\t|\t|\t|\t|\t<duplicate>\n|\t|\t|\t|\t|\t|\t|\t|\t|\t|\t|\t|\t|\t|\t|\t|\t|\t|\t|\t|\t|\t|\t|\t|\t|\t|\tLocals=<null>\n|\t|\t|\t|\t|\t|\t|\t|\t|\t|\t|\t|\t|\t|\t|\t|\t|\t|\t|\t|\t|\t|\t|\t|\t|\t|\tLambda {LambdaInfo}\n|\t|\t|\t|\t|\t|\t|\t|\t|\t|\t|\t|\t|\t|\t|\t|\t|\t|\t|\t|\t|\t|\t|\t|\t|\t|\t|\tLambda=(owner, source) => Property(owner, CompasBiz.DateSeries.IExpressionWithListResult`1[CompasBiz.Scheduling.ScheduleDateRange] Argument).Property(System.Collections.Generic.IEnumerable`1[CompasBiz.Scheduling.ScheduleDateRange] Result).Select(_1 => _1.SelectMany(first => source, (first, generatedRange) => new VB$AnonymousType_0`2(first = first, generatedRange = generatedRange)).GroupBy($VB$It => Property(SafeCall($VB$It, _0 => _0.generatedRange), System.DateTime Start).Select(Property(SafeCall($VB$It, _2 => _2.first), System.DateTime Start), Property(SafeCall($VB$It, _5 => _5.first), System.DateTime End), (_1, _3, _6) => ((_1 >= _3) And (_1 < _6))), $VB$It => SafeCall($VB$It, _0 => _0.generatedRange), (generatedRangeKey, $VB$Group) => new VB$AnonymousType_1`2(generatedRangeKey = generatedRangeKey, theGroup = $VB$Group)).Select($VB$It => SafeCall($VB$It, _0 => _0.theGroup)))\n|\t|\t|\t|\t|\t|\t|\t|\t|\t|\t|\t|\t|\t|\t|\t|\t|\t|\t|\t|\t|\t|\t|\t|\t|\tGlobals {Object[]}\n|\t|\t|\t|\t|\t|\t|\t|\t|\t|\t|\t|\t|\t|\t|\t|\t|\t|\t|\t|\t|\t|\t|\t|\t|\t|\t<duplicate>\n|\t|\t|\t|\t|\t|\t|\t|\t|\t|\t|\t|\t|\t|\t|\t|\t|\t|\t|\t|\t|\t|\t|\t|\t|\tLocals {Object[]}\n|\t|\t|\t|\t|\t|\t|\t|\t|\t|\t|\t|\t|\t|\t|\t|\t|\t|\t|\t|\t|\t|\t|\t|\t|\t|\t<enumerated results> Count=1\n|\t|\t|\t|\t|\t|\t|\t|\t|\t|\t|\t|\t|\t|\t|\t|\t|\t|\t|\t|\t|\t|\t|\t|\t|\t|\t|\t0 {StrongBox`1}\n|\t|\t|\t|\t|\t|\t|\t|\t|\t|\t|\t|\t|\t|\t|\t|\t|\t|\t|\t|\t|\t|\t|\t|\t|\t|\t|\t|\tValue {CascadeTransformation`2}\n|\t|\t|\t|\t|\t|\t|\t|\t|\t|\t|\t|\t|\t|\t|\t|\t|\t|\t|\t|\t|\t|\t|\t|\t|\t|\t|\t|\t|\t<duplicate>\n|\t|\t|\t|\t|\t|\t|\t|\t|\t|\t|\t|\t|\t|\t|\t|\t|\t|\t|\t|\t|\t|\t|\t|\t|\tLambda {LambdaInfo}\n|\t|\t|\t|\t|\t|\t|\t|\t|\t|\t|\t|\t|\t|\t|\t|\t|\t|\t|\t|\t|\t|\t|\t|\t|\t|\tLambda=_1 => _1.SelectMany(first => source, (first, generatedRange) => new VB$AnonymousType_0`2(first = first, generatedRange = generatedRange)).GroupBy($VB$It => Property(SafeCall($VB$It, _0 => _0.generatedRange), System.DateTime Start).Select(Property(SafeCall($VB$It, _2 => _2.first), System.DateTime Start), Property(SafeCall($VB$It, _5 => _5.first), System.DateTime End), (_1, _3, _6) => ((_1 >= _3) And (_1 < _6))), $VB$It => SafeCall($VB$It, _0 => _0.generatedRange), (generatedRangeKey, $VB$Group) => new VB$AnonymousType_1`2(generatedRangeKey = generatedRangeKey, theGroup = $VB$Group)).Select($VB$It => SafeCall($VB$It, _0 => _0.theGroup))\n|\t|\t|\t|\t|\t|\t|\t|\t|\t|\t|\t|\t|\t|\t|\t|\t|\t|\t|\t|\t|\t|\t|\t|\tGlobals {Object[]}\n|\t|\t|\t|\t|\t|\t|\t|\t|\t|\t|\t|\t|\t|\t|\t|\t|\t|\t|\t|\t|\t|\t|\t|\t|\t<duplicate>\n|\t|\t|\t|\t|\t|\t|\t|\t|\t|\t|\t|\t|\t|\t|\t|\t|\t|\t|\t|\t|\t|\t|\t|\tLocals=<null>\n|\t|\t|\t|\t|\t|\t|\t|\t|\t|\t|\t|\t|\t|\t|\t|\t|\t|\t|\t|\t|\t|\t|\t|\tLambda {LambdaInfo}\n|\t|\t|\t|\t|\t|\t|\t|\t|\t|\t|\t|\t|\t|\t|\t|\t|\t|\t|\t|\t|\t|\t|\t|\t|\tLambda=(first, generatedRange) => new VB$AnonymousType_0`2(first = first, generatedRange = generatedRange)\n|\t|\t|\t|\t|\t|\t|\t|\t|\t|\t|\t|\t|\t|\t|\t|\tSource {CascadeTransformation`2}\n|\t|\t|\t|\t|\t|\t|\t|\t|\t|\t|\t|\t|\t|\t|\t|\t|\t<duplicate>\n|\t|\t|\t|\t|\t|\t|\t|\t|\t|\t|\t|\t|\t|\t|\t|\tSource {CascadeTransformation`2}\n|\t|\t|\t|\t|\t|\t|\t|\t|\t|\t|\t|\t|\t|\t|\t|\t|\t<duplicate>\n|\t|\t|\t|\t|\t|\t|\t|\t|\t|\t|\t|\t|\t|\t|\t|\tContentVersion=(sn 1)\n|\t|\t|\t|\t|\t|\t|\t|\t|\t|\t|\t|\t|\t|\t|\t|\t_Prms {Tuple`2}\n|\t|\t|\t|\t|\t|\t|\t|\t|\t|\t|\t|\t|\t|\t|\t|\t|\tFirst {CascadeTransformation`2}\n|\t|\t|\t|\t|\t|\t|\t|\t|\t|\t|\t|\t|\t|\t|\t|\t|\t|\t<duplicate>\n|\t|\t|\t|\t|\t|\t|\t|\t|\t|\t|\t|\t|\t|\t|\t|\t|\tSecond {Func`2}\n|\t|\t|\t|\t|\t|\t|\t|\t|\t|\t|\t|\t|\t|\t|\t|\t|\t|\tTarget {FuncExtenderC`4}\n|\t|\t|\t|\t|\t|\t|\t|\t|\t|\t|\t|\t|\t|\t|\t|\t|\t|\t|\t_Prms {Tuple`3}\n|\t|\t|\t|\t|\t|\t|\t|\t|\t|\t|\t|\t|\t|\t|\t|\t|\t|\t|\t|\tFirst {Func`4}\n|\t|\t|\t|\t|\t|\t|\t|\t|\t|\t|\t|\t|\t|\t|\t|\t|\t|\t|\t|\t|\tTarget=<null>\n|\t|\t|\t|\t|\t|\t|\t|\t|\t|\t|\t|\t|\t|\t|\t|\t|\t|\t|\t|\tSecond {Func`2}\n|\t|\t|\t|\t|\t|\t|\t|\t|\t|\t|\t|\t|\t|\t|\t|\t|\t|\t|\t|\t|\tTarget {ExecutionScope}\n|\t|\t|\t|\t|\t|\t|\t|\t|\t|\t|\t|\t|\t|\t|\t|\t|\t|\t|\t|\t|\t|\tParent {ExecutionScope}\n|\t|\t|\t|\t|\t|\t|\t|\t|\t|\t|\t|\t|\t|\t|\t|\t|\t|\t|\t|\t|\t|\t|\t<duplicate>\n|\t|\t|\t|\t|\t|\t|\t|\t|\t|\t|\t|\t|\t|\t|\t|\t|\t|\t|\t|\t|\t|\tGlobals {Object[]}\n|\t|\t|\t|\t|\t|\t|\t|\t|\t|\t|\t|\t|\t|\t|\t|\t|\t|\t|\t|\t|\t|\t|\t<duplicate>\n|\t|\t|\t|\t|\t|\t|\t|\t|\t|\t|\t|\t|\t|\t|\t|\t|\t|\t|\t|\t|\t|\tLocals=<null>\n|\t|\t|\t|\t|\t|\t|\t|\t|\t|\t|\t|\t|\t|\t|\t|\t|\t|\t|\t|\t|\t|\tLambda {LambdaInfo}\n|\t|\t|\t|\t|\t|\t|\t|\t|\t|\t|\t|\t|\t|\t|\t|\t|\t|\t|\t|\t|\t|\t|\tLambda=first => source\n|\t|\t|\t|\t|\t|\t|\t|\t|\t|\t|\t|\t|\t|\t|\tContentVersion=(sn 1)\n|\t|\t|\t|\t|\t|\t|\t|\t|\t|\t|\t|\t|\t|\t|\t_Prms {ConvertTransformation`2}\n|\t|\t|\t|\t|\t|\t|\t|\t|\t|\t|\t|\t|\t|\t|\t|\t<duplicate>\n|\t|\t|\t|\t|\t|\t|\t|\t|\t|\t|\t|\t|\t|\tContentVersion=(sn 1)\n|\t|\t|\t|\t|\t|\t|\t|\t|\t|\t|\t|\t|\t|\t_Prms {Tuple`2}\n|\t|\t|\t|\t|\t|\t|\t|\t|\t|\t|\t|\t|\t|\t|\tFirst {CascadeTransformation`2}\n|\t|\t|\t|\t|\t|\t|\t|\t|\t|\t|\t|\t|\t|\t|\t|\t<duplicate>\n|\t|\t|\t|\t|\t|\t|\t|\t|\t|\t|\t|\t|\t|\t|\tSecond {Func`2}\n|\t|\t|\t|\t|\t|\t|\t|\t|\t|\t|\t|\t|\t|\t|\t|\tTarget {ExecutionScope}\n|\t|\t|\t|\t|\t|\t|\t|\t|\t|\t|\t|\t|\t|\t|\t|\t|\tParent {ExecutionScope}\n|\t|\t|\t|\t|\t|\t|\t|\t|\t|\t|\t|\t|\t|\t|\t|\t|\t|\t<duplicate>\n|\t|\t|\t|\t|\t|\t|\t|\t|\t|\t|\t|\t|\t|\t|\t|\t|\tGlobals {Object[]}\n|\t|\t|\t|\t|\t|\t|\t|\t|\t|\t|\t|\t|\t|\t|\t|\t|\t|\t<duplicate>\n|\t|\t|\t|\t|\t|\t|\t|\t|\t|\t|\t|\t|\t|\t|\t|\t|\tLocals=<null>\n|\t|\t|\t|\t|\t|\t|\t|\t|\t|\t|\t|\t|\t|\t|\t|\t|\tLambda {LambdaInfo}\n|\t|\t|\t|\t|\t|\t|\t|\t|\t|\t|\t|\t|\t|\t|\t|\t|\t|\tLambda=$VB$It => Property(SafeCall($VB$It, _0 => _0.generatedRange), System.DateTime Start).Select(Property(SafeCall($VB$It, _2 => _2.first), System.DateTime Start), Property(SafeCall($VB$It, _5 => _5.first), System.DateTime End), (_1, _3, _6) => ((_1 >= _3) And (_1 < _6)))\n|\t|\t|\t|\t|\t|\t|\t|\t|\t|\t|\t|\t|\tContentVersion=(sn 1)\n|\t|\t|\t|\t|\t|\t|\t|\t|\t|\t|\t|\t|\t_Prms {Tuple`2}\n|\t|\t|\t|\t|\t|\t|\t|\t|\t|\t|\t|\t|\t|\tFirst {NotifyVpcTransformation`2}\n|\t|\t|\t|\t|\t|\t|\t|\t|\t|\t|\t|\t|\t|\t|\t<duplicate>\n|\t|\t|\t|\t|\t|\t|\t|\t|\t|\t|\t|\t|\t|\tSecond {GenericEqualityComparer`1}\n|\t|\t|\t|\t|\t|\t|\t|\t|\t|\t|\t|\tSecond=True\n|\t|\t|\t|\t|\t|\t|\t|\t|\tSource {ConvertPairsGroupingTransformation`3}\n|\t|\t|\t|\t|\t|\t|\t|\t|\t|\t<duplicate>\n|\t|\t|\t|\t|\t|\t|\t|\t|\tContentVersion=(sn 1)\n|\t|\t|\t|\t|\t|\t|\t|\t|\t_Prms {Tuple`2}\n|\t|\t|\t|\t|\t|\t|\t|\t|\t|\tFirst {ConvertPairsGroupingTransformation`3}\n|\t|\t|\t|\t|\t|\t|\t|\t|\t|\t|\t<duplicate>\n|\t|\t|\t|\t|\t|\t|\t|\t|\t|\tSecond {Func`2}\n|\t|\t|\t|\t|\t|\t|\t|\t|\t|\t|\tTarget {ExecutionScope}\n|\t|\t|\t|\t|\t|\t|\t|\t|\t|\t|\t|\tParent {ExecutionScope}\n|\t|\t|\t|\t|\t|\t|\t|\t|\t|\t|\t|\t|\t<duplicate>\n|\t|\t|\t|\t|\t|\t|\t|\t|\t|\t|\t|\tGlobals {Object[]}\n|\t|\t|\t|\t|\t|\t|\t|\t|\t|\t|\t|\t|\t<duplicate>\n|\t|\t|\t|\t|\t|\t|\t|\t|\t|\t|\t|\tLocals=<null>\n|\t|\t|\t|\t|\t|\t|\t|\t|\t|\t|\t|\tLambda {LambdaInfo}\n|\t|\t|\t|\t|\t|\t|\t|\t|\t|\t|\t|\t|\tLambda=$VB$It => SafeCall($VB$It, _0 => _0.generatedRange)\n|\t|\t|\t|\t|\t|\t|\t|\tContentVersion=(sn 1)\n|\t|\t|\t|\t|\t|\t|\t|\t_Prms {Tuple`2}\n|\t|\t|\t|\t|\t|\t|\t|\t|\tFirst {ConvertTransformation`2}\n|\t|\t|\t|\t|\t|\t|\t|\t|\t|\t<duplicate>\n|\t|\t|\t|\t|\t|\t|\t|\t|\tSecond=True\n|\t|\t|\t|\t|\t|\t|\tSource {GroupingTransformation`2}\n|\t|\t|\t|\t|\t|\t|\t|\t<duplicate>\n|\t|\t|\t|\t|\t|\t|\tContentVersion=(sn 1)\n|\t|\t|\t|\t|\t|\t|\t_Prms {Tuple`2}\n|\t|\t|\t|\t|\t|\t|\t|\tFirst {GroupingTransformation`2}\n|\t|\t|\t|\t|\t|\t|\t|\t|\t<duplicate>\n|\t|\t|\t|\t|\t|\t|\t|\tSecond {Func`2}\n|\t|\t|\t|\t|\t|\t|\t|\t|\tTarget {FuncExtenderC`4}\n|\t|\t|\t|\t|\t|\t|\t|\t|\t|\t_Prms {Tuple`3}\n|\t|\t|\t|\t|\t|\t|\t|\t|\t|\t|\tFirst {Func`4}\n|\t|\t|\t|\t|\t|\t|\t|\t|\t|\t|\t|\tTarget=<null>\n|\t|\t|\t|\t|\t|\t|\t|\t|\t|\t|\tSecond {Func`3}\n|\t|\t|\t|\t|\t|\t|\t|\t|\t|\t|\t|\tTarget {ExecutionScope}\n|\t|\t|\t|\t|\t|\t|\t|\t|\t|\t|\t|\t|\tParent {ExecutionScope}\n|\t|\t|\t|\t|\t|\t|\t|\t|\t|\t|\t|\t|\t|\tParent {ExecutionScope}\n|\t|\t|\t|\t|\t|\t|\t|\t|\t|\t|\t|\t|\t|\t|\tParent=<null>\n|\t|\t|\t|\t|\t|\t|\t|\t|\t|\t|\t|\t|\t|\t|\tGlobals {Object[]}\n|\t|\t|\t|\t|\t|\t|\t|\t|\t|\t|\t|\t|\t|\t|\t|\t<enumerated results> Count=0\n|\t|\t|\t|\t|\t|\t|\t|\t|\t|\t|\t|\t|\t|\t|\tLocals=<null>\n|\t|\t|\t|\t|\t|\t|\t|\t|\t|\t|\t|\t|\t|\t|\tLambda {LambdaInfo}\n|\t|\t|\t|\t|\t|\t|\t|\t|\t|\t|\t|\t|\t|\t|\t|\tLambda=_source => Cacher1(source => Static(source.SelectMany(groupedGeneratedRange => groupedGeneratedRange, (groupedGeneratedRange, generatedRange) => generatedRange)), _source)\n|\t|\t|\t|\t|\t|\t|\t|\t|\t|\t|\t|\t|\t|\tGlobals {Object[]}\n|\t|\t|\t|\t|\t|\t|\t|\t|\t|\t|\t|\t|\t|\t|\t<duplicate>\n|\t|\t|\t|\t|\t|\t|\t|\t|\t|\t|\t|\t|\t|\tLocals=<null>\n|\t|\t|\t|\t|\t|\t|\t|\t|\t|\t|\t|\t|\t|\tLambda {LambdaInfo}\n|\t|\t|\t|\t|\t|\t|\t|\t|\t|\t|\t|\t|\t|\t|\tLambda=source => Static(source.SelectMany(groupedGeneratedRange => groupedGeneratedRange, (groupedGeneratedRange, generatedRange) => generatedRange))\n|\t|\t|\t|\t|\t|\t|\t|\t|\t|\t|\t|\t|\tGlobals {Object[]}\n|\t|\t|\t|\t|\t|\t|\t|\t|\t|\t|\t|\t|\t|\t<duplicate>\n|\t|\t|\t|\t|\t|\t|\t|\t|\t|\t|\t|\t|\tLocals=<null>\n|\t|\t|\t|\t|\t|\t|\t|\t|\t|\t|\t|\t|\tLambda {LambdaInfo}\n|\t|\t|\t|\t|\t|\t|\t|\t|\t|\t|\t|\t|\t|\tLambda=(groupedGeneratedRange, generatedRange) => generatedRange\n|\t|\t|\t|\t|\tSource {CascadeTransformation`2}\n|\t|\t|\t|\t|\t|\t<enumerated results> Count=1\n|\t|\t|\t|\t|\t|\t|\t0 {GroupingTransformation`2}\n|\t|\t|\t|\t|\t|\t|\t|\t<duplicate>\n|\t|\t|\t|\t|\t|\t_Source {AsCollectionNullableTransformation`1}\n|\t|\t|\t|\t|\t|\t|\t<enumerated results> Count=1\n|\t|\t|\t|\t|\t|\t|\t|\t0 {ConvertTransformation`2}\n|\t|\t|\t|\t|\t|\t|\t|\t|\t<enumerated results> Count=1\n|\t|\t|\t|\t|\t|\t|\t|\t|\t|\t0 {GroupingTransformation`2}\n|\t|\t|\t|\t|\t|\t|\t|\t|\t|\t|\t<duplicate>\n|\t|\t|\t|\t|\t|\t|\t|\t|\tSource {ConvertTransformation`2}\n|\t|\t|\t|\t|\t|\t|\t|\t|\t|\t<enumerated results> Count=1\n|\t|\t|\t|\t|\t|\t|\t|\t|\t|\t|\t0 {VB$AnonymousType_1`2}\n|\t|\t|\t|\t|\t|\t|\t|\t|\t|\tSource {ConvertTransformation`2}\n|\t|\t|\t|\t|\t|\t|\t|\t|\t|\t|\t<enumerated results> Count=1\n|\t|\t|\t|\t|\t|\t|\t|\t|\t|\t|\t|\t0 {GroupingTransformation`2}\n|\t|\t|\t|\t|\t|\t|\t|\t|\t|\t|\t|\t|\t<duplicate>\n|\t|\t|\t|\t|\t|\t|\t|\t|\t|\t|\tSource {DistinctTransformation`1}\n|\t|\t|\t|\t|\t|\t|\t|\t|\t|\t|\t|\t<enumerated results> Count=1\n|\t|\t|\t|\t|\t|\t|\t|\t|\t|\t|\t|\t|\t0 {ConvertPairsGroupingTransformation`3}\n|\t|\t|\t|\t|\t|\t|\t|\t|\t|\t|\t|\t|\t|\t<duplicate>\n|\t|\t|\t|\t|\t|\t|\t|\t|\t|\t|\t|\tContentVersion=(sn 1)\n|\t|\t|\t|\t|\t|\t|\t|\t|\t|\t|\t|\t_Prms {Tuple`2}\n|\t|\t|\t|\t|\t|\t|\t|\t|\t|\t|\t|\t|\tFirst {GroupFilterConverterTransformation`2}\n|\t|\t|\t|\t|\t|\t|\t|\t|\t|\t|\t|\t|\t|\t<enumerated results> Count=730\n|\t|\t|\t|\t|\t|\t|\t|\t|\t|\t|\t|\t|\t|\t|\t0 {ConvertPairsGroupingTransformation`3}\n|\t|\t|\t|\t|\t|\t|\t|\t|\t|\t|\t|\t|\t|\t|\t|\t<duplicate>\n|\t|\t|\t|\t|\t|\t|\t|\t|\t|\t|\t|\t|\t|\t|\t...\n|\t|\t|\t|\t|\t|\t|\t|\t|\t|\t|\t|\t|\t|\t|\t729 {ConvertPairsGroupingTransformation`3}\n|\t|\t|\t|\t|\t|\t|\t|\t|\t|\t|\t|\t|\t|\t|\t|\t<duplicate>\n|\t|\t|\t|\t|\t|\t|\t|\t|\t|\t|\t|\t|\t|\tContentVersion=(sn 1)\n|\t|\t|\t|\t|\t|\t|\t|\t|\t|\t|\t|\t|\t|\t_Prms {Tuple`3}\n|\t|\t|\t|\t|\t|\t|\t|\t|\t|\t|\t|\t|\t|\t|\tFirst {NotifyVpcTransformation`2}\n|\t|\t|\t|\t|\t|\t|\t|\t|\t|\t|\t|\t|\t|\t|\t|\t<duplicate>\n|\t|\t|\t|\t|\t|\t|\t|\t|\t|\t|\t|\t|\t|\t|\tSecond {GenericEqualityComparer`1}\n|\t|\t|\t|\t|\t|\t|\t|\t|\t|\t|\t|\t|\t|\t|\t|\t<duplicate>\n|\t|\t|\t|\t|\t|\t|\t|\t|\t|\t|\t|\t|\tSecond {ReferenceComparer}\n|\t|\t|\t|\t|\t|\t|\t|\t|\t|\t|\tSource {DistinctTransformation`1}\n|\t|\t|\t|\t|\t|\t|\t|\t|\t|\t|\t|\t<duplicate>\n|\t|\t|\t|\t|\t|\t|\t|\t|\t|\t|\tContentVersion=(sn 1)\n|\t|\t|\t|\t|\t|\t|\t|\t|\t|\t|\t_Prms {Tuple`2}\n|\t|\t|\t|\t|\t|\t|\t|\t|\t|\t|\t|\tFirst {DistinctTransformation`1}\n|\t|\t|\t|\t|\t|\t|\t|\t|\t|\t|\t|\t|\t<duplicate>\n|\t|\t|\t|\t|\t|\t|\t|\t|\t|\t|\t|\tSecond {Func`2}\n|\t|\t|\t|\t|\t|\t|\t|\t|\t|\t|\t|\t|\tTarget {FuncExtenderC`3}\n|\t|\t|\t|\t|\t|\t|\t|\t|\t|\t|\t|\t|\t|\t_Prms {Tuple`2}\n|\t|\t|\t|\t|\t|\t|\t|\t|\t|\t|\t|\t|\t|\t|\tFirst {Func`3}\n|\t|\t|\t|\t|\t|\t|\t|\t|\t|\t|\t|\t|\t|\t|\t|\tTarget=<null>\n|\t|\t|\t|\t|\t|\t|\t|\t|\t|\t|\t|\t|\t|\t|\tSecond {Func`2}\n|\t|\t|\t|\t|\t|\t|\t|\t|\t|\t|\t|\t|\t|\t|\t|\t<duplicate>\n|\t|\t|\t|\t|\t|\t|\t|\t|\t|\tSource {ConvertTransformation`2}\n|\t|\t|\t|\t|\t|\t|\t|\t|\t|\t|\t<duplicate>\n|\t|\t|\t|\t|\t|\t|\t|\t|\t|\tContentVersion=(sn 1)\n|\t|\t|\t|\t|\t|\t|\t|\t|\t|\t_Prms {Tuple`2}\n|\t|\t|\t|\t|\t|\t|\t|\t|\t|\t|\tFirst {ConvertTransformation`2}\n|\t|\t|\t|\t|\t|\t|\t|\t|\t|\t|\t|\t<duplicate>\n|\t|\t|\t|\t|\t|\t|\t|\t|\t|\t|\tSecond {Func`2}\n|\t|\t|\t|\t|\t|\t|\t|\t|\t|\t|\t|\tTarget {FuncExtenderC`3}\n|\t|\t|\t|\t|\t|\t|\t|\t|\t|\t|\t|\t|\t_Prms {Tuple`2}\n|\t|\t|\t|\t|\t|\t|\t|\t|\t|\t|\t|\t|\t|\tFirst {Func`3}\n|\t|\t|\t|\t|\t|\t|\t|\t|\t|\t|\t|\t|\t|\t|\tTarget=<null>\n|\t|\t|\t|\t|\t|\t|\t|\t|\t|\t|\t|\t|\t|\tSecond {Func`3}\n|\t|\t|\t|\t|\t|\t|\t|\t|\t|\t|\t|\t|\t|\t|\tTarget {ExecutionScope}\n|\t|\t|\t|\t|\t|\t|\t|\t|\t|\t|\t|\t|\t|\t|\t|\tParent {ExecutionScope}\n|\t|\t|\t|\t|\t|\t|\t|\t|\t|\t|\t|\t|\t|\t|\t|\t|\t<duplicate>\n|\t|\t|\t|\t|\t|\t|\t|\t|\t|\t|\t|\t|\t|\t|\t|\tGlobals {Object[]}\n|\t|\t|\t|\t|\t|\t|\t|\t|\t|\t|\t|\t|\t|\t|\t|\t|\t<duplicate>\n|\t|\t|\t|\t|\t|\t|\t|\t|\t|\t|\t|\t|\t|\t|\t|\tLocals=<null>\n|\t|\t|\t|\t|\t|\t|\t|\t|\t|\t|\t|\t|\t|\t|\t|\tLambda {LambdaInfo}\n|\t|\t|\t|\t|\t|\t|\t|\t|\t|\t|\t|\t|\t|\t|\t|\t|\tLambda=(generatedRangeKey, $VB$Group) => new VB$AnonymousType_1`2(generatedRangeKey = generatedRangeKey, theGroup = $VB$Group)\n|\t|\t|\t|\t|\t|\t|\t|\t|\tSource {ConvertTransformation`2}\n|\t|\t|\t|\t|\t|\t|\t|\t|\t|\t<duplicate>\n|\t|\t|\t|\t|\t|\t|\t|\t|\tContentVersion=(sn 1)\n|\t|\t|\t|\t|\t|\t|\t|\t|\t_Prms {Tuple`2}\n|\t|\t|\t|\t|\t|\t|\t|\t|\t|\tFirst {ConvertTransformation`2}\n|\t|\t|\t|\t|\t|\t|\t|\t|\t|\t|\t<duplicate>\n|\t|\t|\t|\t|\t|\t|\t|\t|\t|\tSecond {Func`2}\n|\t|\t|\t|\t|\t|\t|\t|\t|\t|\t|\tTarget {ExecutionScope}\n|\t|\t|\t|\t|\t|\t|\t|\t|\t|\t|\t|\tParent {ExecutionScope}\n|\t|\t|\t|\t|\t|\t|\t|\t|\t|\t|\t|\t|\t<duplicate>\n|\t|\t|\t|\t|\t|\t|\t|\t|\t|\t|\t|\tGlobals {Object[]}\n|\t|\t|\t|\t|\t|\t|\t|\t|\t|\t|\t|\t|\t<duplicate>\n|\t|\t|\t|\t|\t|\t|\t|\t|\t|\t|\t|\tLocals=<null>\n|\t|\t|\t|\t|\t|\t|\t|\t|\t|\t|\t|\tLambda {LambdaInfo}\n|\t|\t|\t|\t|\t|\t|\t|\t|\t|\t|\t|\t|\tLambda=$VB$It => SafeCall($VB$It, _0 => _0.theGroup)\n|\t|\t|\t|\t|\t|\t|\tContentVersion=(sn 0)\n|\t|\t|\t|\t|\t|\t|\t_Prms {Tuple`2}\n|\t|\t|\t|\t|\t|\t|\t|\tFirst {PipelineResultTransformation`3}\n|\t|\t|\t|\t|\t|\t|\t|\t|\tValue {ConvertTransformation`2}\n|\t|\t|\t|\t|\t|\t|\t|\t|\t|\t<duplicate>\n|\t|\t|\t|\t|\t|\t|\t|\t|\t_Source {UnarySelectTransformation`2}\n|\t|\t|\t|\t|\t|\t|\t|\t|\t|\tValue {ConvertTransformation`2}\n|\t|\t|\t|\t|\t|\t|\t|\t|\t|\t|\t<duplicate>\n|\t|\t|\t|\t|\t|\t|\t|\t|\t|\t_Prms {Tuple`2}\n|\t|\t|\t|\t|\t|\t|\t|\t|\t|\t|\tFirst {PropertyTransformation`2}\n|\t|\t|\t|\t|\t|\t|\t|\t|\t|\t|\t|\t<duplicate>\n|\t|\t|\t|\t|\t|\t|\t|\t|\t|\t|\tSecond {Func`2}\n|\t|\t|\t|\t|\t|\t|\t|\t|\t|\t|\t|\tTarget {ExecutionScope}\n|\t|\t|\t|\t|\t|\t|\t|\t|\t|\t|\t|\t|\t<duplicate>\n|\t|\t|\t|\t|\t|\t|\t|\t|\t_Prms {Tuple`3}\n|\t|\t|\t|\t|\t|\t|\t|\t|\t|\tFirst {Func`3}\n|\t|\t|\t|\t|\t|\t|\t|\t|\t|\t|\tTarget {ExecutionScope}\n|\t|\t|\t|\t|\t|\t|\t|\t|\t|\t|\t|\t<duplicate>\n|\t|\t|\t|\t|\t|\t|\t|\t|\t|\tSecond {GeneratorExpression}\n|\t|\t|\t|\t|\t|\t|\t|\t|\t|\t|\t<duplicate>\n|\t|\t|\t|\t|\t|\t|\t|\tSecond {Func`2}\n|\t|\t|\t|\t|\t|\t|\t|\t|\tTarget=<null>\n|\t|\t|\t|\t|\t|\tContentVersion=(sn 1)\n|\t|\t|\t|\t|\t|\t_Prms {AsCollectionNullableTransformation`1}\n|\t|\t|\t|\t|\t|\t|\t<duplicate>\n|\t|\t|\t|\t|\tSource {CascadeTransformation`2}\n|\t|\t|\t|\t|\t|\t<duplicate>\n|\t|\t|\t|\t|\tContentVersion=(sn 1)\n|\t|\t|\t|\t|\t_Prms {Tuple`2}\n|\t|\t|\t|\t|\t|\tFirst {CascadeTransformation`2}\n|\t|\t|\t|\t|\t|\t|\t<duplicate>\n|\t|\t|\t|\t|\t|\tSecond {Func`2}\n|\t|\t|\t|\t|\t|\t|\tTarget {FuncExtenderC`4}\n|\t|\t|\t|\t|\t|\t|\t|\t_Prms {Tuple`3}\n|\t|\t|\t|\t|\t|\t|\t|\t|\tFirst {Func`4}\n|\t|\t|\t|\t|\t|\t|\t|\t|\t|\tTarget=<null>\n|\t|\t|\t|\t|\t|\t|\t|\t|\tSecond {Func`2}\n|\t|\t|\t|\t|\t|\t|\t|\t|\t|\tTarget {ExecutionScope}\n|\t|\t|\t|\t|\t|\t|\t|\t|\t|\t|\tParent {ExecutionScope}\n|\t|\t|\t|\t|\t|\t|\t|\t|\t|\t|\t|\t<duplicate>\n|\t|\t|\t|\t|\t|\t|\t|\t|\t|\t|\tGlobals {Object[]}\n|\t|\t|\t|\t|\t|\t|\t|\t|\t|\t|\t|\t<duplicate>\n|\t|\t|\t|\t|\t|\t|\t|\t|\t|\t|\tLocals=<null>\n|\t|\t|\t|\t|\t|\t|\t|\t|\t|\t|\tLambda {LambdaInfo}\n|\t|\t|\t|\t|\t|\t|\t|\t|\t|\t|\t|\tLambda=groupedGeneratedRange => groupedGeneratedRange\n|\t|\t|\t|\tContentVersion=(sn 1)\n|\t|\t|\t|\t_Prms {ConvertTransformation`2}\n|\t|\t|\t|\t|\t<duplicate>\n|\t|\tContentVersion=(sn 0)\n|\t|\t_Prms {Tuple`2}\n|\t|\t|\tFirst {PipelineResultTransformation`3}\n|\t|\t|\t|\tValue {CascadeTransformation`2}\n|\t|\t|\t|\t|\t<duplicate>\n|\t|\t|\t|\t_Source {StaticValueProvider`1}\n|\t|\t|\t|\t|\tValue {CascadeTransformation`2}\n|\t|\t|\t|\t|\t|\t<duplicate>\n|\t|\t|\t|\t_Prms {Tuple`2}\n|\t|\t|\t|\t|\tFirst {Func`2}\n|\t|\t|\t|\t|\t|\tTarget {ExecutionScope}\n|\t|\t|\t|\t|\t|\t|\t<duplicate>\n|\t|\t|\t|\t|\tSecond {CascadeTransformation`2}\n|\t|\t|\t|\t|\t|\t<duplicate>\n|\t|\t|\tSecond {Func`2}\n|\t|\t|\t|\t<duplicate>\n|\tContentVersion=(sn 1)\n|\t_Prms {AsCollectionNullableTransformation`1}\n|\t|\t<duplicate>\n</code>",
    "LastUpdatedDate": "2013-02-13T18:41:06.84-08:00",
    "PlannedForRelease": "",
    "ReleaseVisibleToPublic": false,
    "Priority": {
      "Name": "Low",
      "Severity": 50,
      "Id": 1
    },
    "ProjectName": "Obtics",
    "ReportedDate": "2009-10-08T11:34:07.12-07:00",
    "Status": {
      "Name": "Proposed",
      "Id": 1
    },
    "ReasonClosed": {
      "Name": "Unassigned"
    },
    "Summary": "Collection does not update... because of CascadeTransformation?",
    "Type": {
      "Name": "Issue",
      "Id": 3
    },
    "VoteCount": 1,
    "Id": 5105
  },
  "FileAttachments": [],
  "Comments": [
    {
      "Message": "Hmm... I'm starting to think this may be another Covariance issue like http://obtics.codeplex.com/WorkItem/View.aspx?WorkItemId=4990 was.",
      "PostedDate": "2009-10-08T14:43:39.99-07:00",
      "Id": -2147483648
    },
    {
      "Message": "From this graph it is hard to see what is going on. Would it be possible to post the observed expression?\r\n\r\nWhen were you taking this snapshot? It could be explained if you were taking it while handling an (CollectionChanged) event. In that case the event may have originated from the ConvertTransformation and the CascadeTransformation, as one of it's multiple clients, may not have received the event yet.",
      "PostedDate": "2009-10-10T01:39:06.1-07:00",
      "Id": -2147483648
    },
    {
      "Message": "This snapshot is taken from a unit test run, long after any event propagation should have finished.  I'm going to spend some time today coming up with a simplified test case that I can post.",
      "PostedDate": "2009-10-12T05:15:23.397-07:00",
      "Id": -2147483648
    },
    {
      "Message": "Still working on providing you with a test case, but I can tell you now that at least part of the problem is that if an observered expression is passed a parameter that cannot be converted to the type the expression is expecting, no exception is thrown.  I'll open a new work item for that.",
      "PostedDate": "2009-10-12T07:47:02.427-07:00",
      "Id": -2147483648
    },
    {
      "Message": "I found another separate bug while trying to create a test case for this bug. I will create a new Work Item for it. I believe that I will not be able to continue working on this work item until the other two bugs that I found are fixed.",
      "PostedDate": "2009-10-12T11:34:52.66-07:00",
      "Id": -2147483648
    },
    {
      "Message": "You can close this work item.  It is actually two bugs:\r\nhttp://obtics.codeplex.com/WorkItem/View.aspx?WorkItemId=5208\r\nand\r\nhttp://obtics.codeplex.com/WorkItem/View.aspx?WorkItemId=5203\r\n",
      "PostedDate": "2009-10-13T15:25:43.523-07:00",
      "Id": -2147483648
    },
    {
      "Message": "",
      "PostedDate": "2013-02-13T18:41:06.84-08:00",
      "Id": -2147483648
    }
  ]
}