{
  "WorkItem": {
    "AffectedComponent": {
      "Name": "",
      "DisplayName": ""
    },
    "ClosedComment": "",
    "ClosedDate": "2009-01-07T15:22:30.317-08:00",
    "CommentCount": 0,
    "Custom": null,
    "Description": "Select methods should work well with ParallelExtensions. Check if it is possible to replace Convert methods with Select methods.",
    "LastUpdatedDate": "2013-05-15T21:55:54.887-07:00",
    "PlannedForRelease": "",
    "ReleaseVisibleToPublic": false,
    "Priority": {
      "Name": "Medium",
      "Severity": 100,
      "Id": 2
    },
    "ProjectName": "Obtics",
    "ReportedDate": "2009-01-04T06:47:06.447-08:00",
    "Status": {
      "Name": "Closed",
      "Id": 4
    },
    "ReasonClosed": {
      "Name": "Unassigned"
    },
    "Summary": "POC for using Select methods instead Convert with ExpressionObserver.",
    "Type": {
      "Name": "Feature",
      "Id": 1
    },
    "VoteCount": 0,
    "Id": 3547
  },
  "FileAttachments": [],
  "Comments": [
    {
      "Message": "Resolved with changeset 17873.",
      "PostedDate": "2009-01-07T15:22:30.317-08:00",
      "Id": -2147483648
    },
    {
      "Message": "",
      "PostedDate": "2013-02-13T18:41:08.86-08:00",
      "Id": -2147483648
    },
    {
      "Message": "",
      "PostedDate": "2013-05-15T21:55:54.887-07:00",
      "Id": -2147483648
    }
  ]
}