{
  "WorkItem": {
    "AffectedComponent": {
      "Name": "",
      "DisplayName": ""
    },
    "ClosedComment": "",
    "ClosedDate": "2008-05-20T15:32:18.61-07:00",
    "CommentCount": 0,
    "Custom": null,
    "Description": "",
    "LastUpdatedDate": "2013-05-15T21:55:55.743-07:00",
    "PlannedForRelease": "",
    "ReleaseVisibleToPublic": false,
    "Priority": {
      "Name": "Medium",
      "Severity": 100,
      "Id": 2
    },
    "ProjectName": "Obtics",
    "ReportedDate": "2008-05-15T16:41:54.443-07:00",
    "Status": {
      "Name": "Closed",
      "Id": 4
    },
    "ReasonClosed": {
      "Name": "Unassigned"
    },
    "Summary": "Remove Equatable<> interface from transformation objects. (Equivalence only via object.Equals override)",
    "Type": {
      "Name": "Task",
      "Id": 2
    },
    "VoteCount": 0,
    "Id": 2172
  },
  "FileAttachments": [],
  "Comments": [
    {
      "Message": "Resolved with changeset 11875.",
      "PostedDate": "2008-05-20T15:32:18.61-07:00",
      "Id": -2147483648
    },
    {
      "Message": "",
      "PostedDate": "2013-05-15T21:55:55.743-07:00",
      "Id": -2147483648
    }
  ]
}