{
  "WorkItem": {
    "AffectedComponent": {
      "Name": "",
      "DisplayName": ""
    },
    "ClosedComment": "",
    "ClosedDate": "2011-08-13T07:03:33.89-07:00",
    "CommentCount": 0,
    "Custom": null,
    "Description": "Hi Throb,\n \nI have a NullReferenceException in the initialization of the Assemblies array with Silverlight : \n \n        static Assembly[] _Assemblies =\n            System.Windows.Deployment.Current.Parts\n                .Select(p => new Uri(p.Source, UriKind.Relative))\n                .Concat(System.Windows.Deployment.Current.ExternalParts.Select(ep => ep.Source))\n                .Select(uri => System.Windows.Application.GetResourceStream(uri))\n                .Select(strInfo => new System.Windows.AssemblyPart().Load(strInfo.Stream))\n                .ToArray()\n \nWhen System.Windows.Application.GetResourceStream(uri)) return null.\n \nI have fix with this trick :\n \n        static Assembly[] _Assemblies =\n            System.Windows.Deployment.Current.Parts\n                .Select(p => new Uri(p.Source, UriKind.Relative))\n                .Concat(System.Windows.Deployment.Current.ExternalParts.Select(ep => ep.Source))\n                .Select(uri => System.Windows.Application.GetResourceStream(uri))\n                .Select(strInfo => strInfo == null ? null : new System.Windows.AssemblyPart().Load(strInfo.Stream))\n                .Where(assembly => assembly != null)\n                .ToArray()\n \nThanks.",
    "LastUpdatedDate": "2013-05-15T21:55:52.307-07:00",
    "PlannedForRelease": "",
    "ReleaseVisibleToPublic": false,
    "Priority": {
      "Name": "Low",
      "Severity": 50,
      "Id": 1
    },
    "ProjectName": "Obtics",
    "ReportedDate": "2011-08-11T07:42:55.547-07:00",
    "Status": {
      "Name": "Closed",
      "Id": 4
    },
    "ReasonClosed": {
      "Name": "Unassigned"
    },
    "Summary": "NullReferenceException in ProviderFinder",
    "Type": {
      "Name": "Issue",
      "Id": 3
    },
    "VoteCount": 1,
    "Id": 8600
  },
  "FileAttachments": [],
  "Comments": [
    {
      "Message": "Resolved with changeset 61362.",
      "PostedDate": "2011-08-13T07:03:33.89-07:00",
      "Id": -2147483648
    },
    {
      "Message": "Ok.. Applied your suggestion.. Tx :-)",
      "PostedDate": "2011-08-13T07:28:05.257-07:00",
      "Id": -2147483648
    },
    {
      "Message": "",
      "PostedDate": "2013-02-13T18:41:04.16-08:00",
      "Id": -2147483648
    },
    {
      "Message": "",
      "PostedDate": "2013-05-15T21:55:52.307-07:00",
      "Id": -2147483648
    }
  ]
}