{
  "WorkItem": {
    "AffectedComponent": {
      "Name": "",
      "DisplayName": ""
    },
    "ClosedComment": "Outdated",
    "ClosedDate": "2009-06-23T03:45:27.813-07:00",
    "CommentCount": 0,
    "Custom": null,
    "Description": "At the moment JoinTransformation uses an internal buffer to store all items when in change aware mode. This should not be neccesairy. Remove the buffer.",
    "LastUpdatedDate": "2013-05-15T21:55:55.473-07:00",
    "PlannedForRelease": "",
    "ReleaseVisibleToPublic": false,
    "Priority": {
      "Name": "Medium",
      "Severity": 100,
      "Id": 2
    },
    "ProjectName": "Obtics",
    "ReportedDate": "2008-07-21T12:15:47.987-07:00",
    "Status": {
      "Name": "Closed",
      "Id": 4
    },
    "ReasonClosed": {
      "Name": "Unassigned"
    },
    "Summary": "Improve JoinTransformation (Collection)",
    "Type": {
      "Name": "Issue",
      "Id": 3
    },
    "VoteCount": 0,
    "Id": 2762
  },
  "FileAttachments": [],
  "Comments": []
}