{
  "WorkItem": {
    "AffectedComponent": {
      "Name": "",
      "DisplayName": ""
    },
    "ClosedComment": "",
    "ClosedDate": null,
    "CommentCount": 0,
    "Custom": null,
    "Description": "There is a regression present on the trunk that is visible using the attached unit test.",
    "LastUpdatedDate": "2013-02-13T18:41:04.32-08:00",
    "PlannedForRelease": "",
    "ReleaseVisibleToPublic": false,
    "Priority": {
      "Name": "Low",
      "Severity": 50,
      "Id": 1
    },
    "ProjectName": "Obtics",
    "ReportedDate": "2011-02-21T16:17:10.657-08:00",
    "Status": {
      "Name": "Proposed",
      "Id": 1
    },
    "ReasonClosed": {
      "Name": "Unassigned"
    },
    "Summary": "PropertyChanged not firing",
    "Type": {
      "Name": "Issue",
      "Id": 3
    },
    "VoteCount": 1,
    "Id": 7950
  },
  "FileAttachments": [
    {
      "FileId": 2490,
      "FileName": "UnitTest1.cs",
      "DownloadUrl": ".\\2490"
    }
  ],
  "Comments": []
}