{
  "WorkItem": {
    "AffectedComponent": {
      "Name": "",
      "DisplayName": ""
    },
    "ClosedComment": "",
    "ClosedDate": "2009-08-05T08:44:49.57-07:00",
    "CommentCount": 0,
    "Custom": null,
    "Description": "Created equivalence tests for all transformation objects",
    "LastUpdatedDate": "2013-05-15T21:55:55.92-07:00",
    "PlannedForRelease": "",
    "ReleaseVisibleToPublic": false,
    "Priority": {
      "Name": "Medium",
      "Severity": 100,
      "Id": 2
    },
    "ProjectName": "Obtics",
    "ReportedDate": "2008-05-15T16:40:28.693-07:00",
    "Status": {
      "Name": "Closed",
      "Id": 4
    },
    "ReasonClosed": {
      "Name": "Unassigned"
    },
    "Summary": "Untit test excercises for Equivalence tests",
    "Type": {
      "Name": "Issue",
      "Id": 3
    },
    "VoteCount": 0,
    "Id": 2171
  },
  "FileAttachments": [],
  "Comments": [
    {
      "Message": "Associated with changeset 13517.",
      "PostedDate": "2008-06-19T15:12:41.98-07:00",
      "Id": -2147483648
    },
    {
      "Message": "",
      "PostedDate": "2008-06-25T13:46:42.85-07:00",
      "Id": -2147483648
    },
    {
      "Message": "",
      "PostedDate": "2009-08-05T08:44:49.57-07:00",
      "Id": -2147483648
    },
    {
      "Message": "",
      "PostedDate": "2013-02-13T18:41:09.783-08:00",
      "Id": -2147483648
    },
    {
      "Message": "",
      "PostedDate": "2013-05-15T21:55:55.92-07:00",
      "Id": -2147483648
    }
  ]
}