[
  {
    "Title": "Well-behaved",
    "Id": "215262",
    "ParentWikiTitle": "Home",
    "FileExtension": "codeplexwiki",
    "UpdatedDate": "2009-12-03T12:30:33.007-08:00",
    "FileAttachments": []
  },
  {
    "Title": "Home",
    "Id": "194957",
    "ParentWikiTitle": "",
    "FileExtension": "codeplexwiki",
    "UpdatedDate": "2009-10-01T14:41:34.74-07:00",
    "FileAttachments": []
  },
  {
    "Title": "Poc",
    "Id": "186547",
    "ParentWikiTitle": "Home",
    "FileExtension": "codeplexwiki",
    "UpdatedDate": "2009-08-28T16:55:25.537-07:00",
    "FileAttachments": [
      {
        "Id": "54a44c0a-4737-46e1-93e4-42bee9d540b7",
        "FileName": "Poc.zip",
        "DownloadUri": "./186547/54a44c0a-4737-46e1-93e4-42bee9d540b7"
      }
    ]
  },
  {
    "Title": "Implicit Value Transformation With LINQ Examples",
    "Id": "175565",
    "ParentWikiTitle": "Transformation Examples",
    "FileExtension": "codeplexwiki",
    "UpdatedDate": "2009-07-12T18:35:52.023-07:00",
    "FileAttachments": []
  },
  {
    "Title": "ObticsToXml",
    "Id": "164778",
    "ParentWikiTitle": "Home",
    "FileExtension": "codeplexwiki",
    "UpdatedDate": "2009-05-30T17:17:42.83-07:00",
    "FileAttachments": []
  },
  {
    "Title": "CustomMapping",
    "Id": "161159",
    "ParentWikiTitle": "Home",
    "FileExtension": "codeplexwiki",
    "UpdatedDate": "2009-05-15T05:28:51.167-07:00",
    "FileAttachments": []
  },
  {
    "Title": "Rules for mappings",
    "Id": "161156",
    "ParentWikiTitle": "Home",
    "FileExtension": "codeplexwiki",
    "UpdatedDate": "2009-05-15T05:27:26.74-07:00",
    "FileAttachments": []
  },
  {
    "Title": "Implicit Value Transformation Examples",
    "Id": "159576",
    "ParentWikiTitle": "Transformation Examples",
    "FileExtension": "codeplexwiki",
    "UpdatedDate": "2009-05-07T07:26:18.907-07:00",
    "FileAttachments": []
  },
  {
    "Title": "Pipeline Caches",
    "Id": "151531",
    "ParentWikiTitle": "Implicit Value Transformation Examples",
    "FileExtension": "codeplexwiki",
    "UpdatedDate": "2009-03-31T07:50:39.127-07:00",
    "FileAttachments": []
  },
  {
    "Title": "GroupingTest",
    "Id": "145492",
    "ParentWikiTitle": "Home",
    "FileExtension": "codeplexwiki",
    "UpdatedDate": "2009-03-04T05:53:02.67-08:00",
    "FileAttachments": []
  },
  {
    "Title": "ObticsWpfHelper",
    "Id": "145176",
    "ParentWikiTitle": "Home",
    "FileExtension": "codeplexwiki",
    "UpdatedDate": "2009-03-03T04:06:41.16-08:00",
    "FileAttachments": []
  },
  {
    "Title": "ObticsRaytracer",
    "Id": "134210",
    "ParentWikiTitle": "Home",
    "FileExtension": "codeplexwiki",
    "UpdatedDate": "2009-01-12T08:12:16.767-08:00",
    "FileAttachments": [
      {
        "Id": "8306a94a-6737-48e5-96ca-a06073e0ac69",
        "FileName": "ObticsRaytracer.jpg",
        "DownloadUri": "./134210/8306a94a-6737-48e5-96ca-a06073e0ac69"
      }
    ]
  },
  {
    "Title": "Features before 1.0.8.0",
    "Id": "133319",
    "ParentWikiTitle": "Home",
    "FileExtension": "codeplexwiki",
    "UpdatedDate": "2009-01-07T15:43:25.533-08:00",
    "FileAttachments": []
  },
  {
    "Title": "Transformation Examples",
    "Id": "132689",
    "ParentWikiTitle": "Home",
    "FileExtension": "codeplexwiki",
    "UpdatedDate": "2009-01-04T05:05:43.053-08:00",
    "FileAttachments": []
  },
  {
    "Title": "Observable LINQ examples",
    "Id": "132546",
    "ParentWikiTitle": "Transformation Examples",
    "FileExtension": "codeplexwiki",
    "UpdatedDate": "2009-01-02T18:32:03.643-08:00",
    "FileAttachments": []
  },
  {
    "Title": "Why",
    "Id": "106893",
    "ParentWikiTitle": "Home",
    "FileExtension": "codeplexwiki",
    "UpdatedDate": "2008-08-12T19:21:35.583-07:00",
    "FileAttachments": []
  },
  {
    "Title": "reactive",
    "Id": "106596",
    "ParentWikiTitle": "observable",
    "FileExtension": "codeplexwiki",
    "UpdatedDate": "2008-08-10T11:42:05.87-07:00",
    "FileAttachments": []
  },
  {
    "Title": "observable",
    "Id": "106595",
    "ParentWikiTitle": "Implicit Value Transformation With LINQ Examples",
    "FileExtension": "codeplexwiki",
    "UpdatedDate": "2008-08-10T11:41:45.9-07:00",
    "FileAttachments": []
  },
  {
    "Title": "transformation",
    "Id": "106594",
    "ParentWikiTitle": "transformation pipeline",
    "FileExtension": "codeplexwiki",
    "UpdatedDate": "2008-08-10T11:39:42.04-07:00",
    "FileAttachments": []
  },
  {
    "Title": "transformation pipeline",
    "Id": "106590",
    "ParentWikiTitle": "reactive",
    "FileExtension": "codeplexwiki",
    "UpdatedDate": "2008-08-10T11:30:50.093-07:00",
    "FileAttachments": []
  },
  {
    "Title": "Implicit Observable LINQ Examples",
    "Id": "106584",
    "ParentWikiTitle": "Transformation Examples",
    "FileExtension": "codeplexwiki",
    "UpdatedDate": "2008-08-10T11:05:42.797-07:00",
    "FileAttachments": []
  },
  {
    "Title": "Explicit Observable LINQ Examples",
    "Id": "106582",
    "ParentWikiTitle": "Transformation Examples",
    "FileExtension": "codeplexwiki",
    "UpdatedDate": "2008-08-10T11:03:36.677-07:00",
    "FileAttachments": []
  },
  {
    "Title": "Explicit Value Transformation Examples",
    "Id": "106577",
    "ParentWikiTitle": "Transformation Examples",
    "FileExtension": "codeplexwiki",
    "UpdatedDate": "2008-08-10T10:57:17.727-07:00",
    "FileAttachments": []
  },
  {
    "Title": "ObticsExaml",
    "Id": "102905",
    "ParentWikiTitle": "Home",
    "FileExtension": "codeplexwiki",
    "UpdatedDate": "2008-07-19T17:47:57.863-07:00",
    "FileAttachments": []
  },
  {
    "Title": "ImplicitObservable",
    "Id": "99008",
    "ParentWikiTitle": "Home",
    "FileExtension": "codeplexwiki",
    "UpdatedDate": "2008-06-25T15:07:58.66-07:00",
    "FileAttachments": []
  },
  {
    "Title": "ExpressionEqualityComparer",
    "Id": "91528",
    "ParentWikiTitle": "Home",
    "FileExtension": "codeplexwiki",
    "UpdatedDate": "2008-05-15T16:34:43.867-07:00",
    "FileAttachments": []
  }
]
